aX,aY,aZ,gX,gY,gZ
-1.699,0.342,0.813,-62.195,-54.993,90.027
-1.809,0.192,0.937,-79.163,-65.247,111.389
-2.118,0.095,0.801,-89.722,-77.148,115.295
-2.293,0.129,0.560,-91.919,-86.548,131.653
-2.712,0.026,0.003,-87.830,-77.454,146.301
-2.905,-0.106,-0.200,-89.844,-36.316,172.180
-2.813,-0.202,-0.225,-93.872,-10.925,179.749
-2.469,-0.357,-0.066,-110.046,24.841,178.528
-1.776,-0.658,0.016,-123.291,33.875,161.926
-1.509,-0.398,-0.063,-126.160,60.852,119.690
-1.019,1.018,-0.036,-92.590,82.458,123.108
-0.656,1.505,0.062,-21.179,104.858,157.898
0.284,0.717,0.003,156.189,128.479,268.860
0.635,-0.291,0.119,189.697,127.502,284.607
0.819,-0.932,0.434,91.675,83.862,161.072
1.034,-0.650,0.543,-10.803,43.152,74.036
1.072,-0.334,0.402,-149.597,-3.052,-34.668
1.080,0.535,0.401,-128.906,-0.916,-49.927
1.071,0.791,0.358,28.809,33.447,-17.639
0.862,0.451,0.079,84.656,58.228,6.287
0.604,0.024,0.108,64.819,87.646,18.677
0.083,-0.784,0.362,16.785,78.674,5.615
0.013,-0.961,0.377,-26.428,60.120,-19.165
0.034,-0.766,0.349,-31.006,39.612,-88.135
-0.070,0.363,0.443,9.766,49.744,-102.966
-0.257,0.457,0.808,65.796,79.285,-61.523
-0.835,-0.428,1.588,37.720,61.218,-39.001
-1.046,-0.663,1.413,-66.650,-36.621,-41.016
-0.998,-0.167,0.243,-85.510,-65.674,-46.143
-0.845,0.021,-0.096,-22.705,-23.926,-36.499
-0.654,-0.041,0.381,18.311,19.714,-36.560
-0.698,-0.123,0.914,22.949,53.223,-46.021
-0.938,-0.032,1.380,-6.470,30.579,-49.500
-1.019,0.197,1.176,-44.067,-35.217,-39.124
-0.943,0.356,0.650,-38.940,-50.110,-24.353
-0.844,0.237,0.549,-27.771,-49.988,-11.108
-0.774,-0.040,0.489,-21.484,-31.189,-0.488
-0.807,-0.142,0.502,-22.705,-19.958,0.366
-0.834,-0.225,0.543,-6.104,-0.244,-1.221
-0.827,-0.125,0.694,7.568,5.554,-3.784
-0.812,-0.004,0.781,11.047,1.465,-0.427
-0.831,-0.046,0.815,-3.479,-8.423,4.395
-0.836,-0.121,0.717,-31.250,-28.137,7.446
-0.784,-0.162,0.395,-31.799,-28.809,7.263
-0.729,-0.128,0.330,-10.254,-5.249,9.155
-0.657,-0.178,0.586,3.174,10.010,9.888
-0.660,-0.228,0.761,20.691,18.860,4.395
-0.733,-0.237,0.819,19.775,12.268,0.244
-0.761,-0.200,0.728,-0.854,-3.052,-4.395
-0.746,-0.106,0.619,-10.376,-5.615,-4.944
-0.729,-0.073,0.653,-14.343,-4.944,-4.517
-0.736,-0.191,0.718,-12.146,-2.686,-1.465
-0.754,-0.257,0.700,-9.094,-2.380,-1.770
-0.761,-0.255,0.674,-1.953,0.244,-6.958
-0.760,-0.116,0.689,2.014,2.441,-9.155
-0.772,-0.031,0.723,4.822,2.380,-10.376
-0.836,0.003,0.718,2.014,-0.977,-8.423
-0.844,-0.032,0.657,-1.404,-7.324,-2.686
-0.815,-0.057,0.582,0.061,-7.080,-0.793
-0.799,-0.056,0.607,4.578,-5.371,1.526
-0.801,-0.074,0.676,5.554,-6.958,1.831
-0.820,-0.094,0.632,0.916,-13.916,1.404
-0.826,-0.171,0.425,-1.526,-13.916,1.831
-0.801,-0.214,0.377,-3.906,-1.648,2.014
-0.774,-0.212,0.508,-4.150,5.615,0.549
-0.782,-0.197,0.601,-2.808,8.667,-2.014
-0.768,-0.224,0.667,-2.319,4.822,-2.319
-0.752,-0.233,0.630,-1.526,0.488,-2.930
-0.742,-0.165,0.551,7.202,-0.732,-6.042
-0.758,-0.082,0.552,12.024,2.014,-7.935
-0.791,0.005,0.585,9.033,5.066,-7.324
-0.823,-0.037,0.686,2.014,2.319,-3.479
-0.805,-0.131,0.667,-11.658,-8.362,0.305
-0.777,-0.181,0.536,-10.742,-9.766,-1.648
-0.795,-0.130,0.516,6.775,-0.854,-4.456
-0.818,-0.006,0.598,13.611,3.479,-3.601
-0.812,-0.000,0.639,7.568,1.221,0.183
-0.814,-0.075,0.608,-1.282,-2.808,1.465
-0.807,-0.094,0.582,-11.414,-5.493,2.258
-0.779,-0.088,0.551,-9.338,-3.418,2.808
-0.772,-0.109,0.559,-0.549,2.808,4.028
-0.771,-0.218,0.616,1.953,4.333,4.272
-0.763,-0.274,0.632,3.418,3.418,2.014
-0.751,-0.233,0.627,1.953,2.136,-1.770
-0.764,-0.152,0.608,-0.488,0.610,-5.493
-0.798,-0.056,0.541,-1.892,-0.549,-5.859
-0.794,-0.080,0.548,0.305,1.404,-2.930
-0.777,-0.139,0.601,5.554,6.714,0.671
-0.760,-0.190,0.704,6.287,6.165,-0.488
-0.763,-0.162,0.707,4.822,-0.854,-3.540
-0.777,-0.093,0.618,3.479,-4.944,-4.211
-0.785,-0.063,0.547,-3.784,-7.263,-3.845
-0.793,-0.072,0.520,-6.409,-4.639,-2.441
-0.784,-0.127,0.556,-2.563,1.587,0.427
-0.761,-0.202,0.658,0.366,2.686,-0.183
-0.762,-0.202,0.676,0.732,-2.502,-4.395
-0.801,-0.148,0.560,-1.221,-6.653,-6.226
-0.825,-0.104,0.463,-2.930,-6.409,-6.348
-0.821,-0.049,0.426,-1.099,-0.061,-4.456
-0.800,-0.050,0.561,2.930,10.620,1.465
-0.784,-0.189,0.768,0.244,7.263,2.930
-0.784,-0.174,0.715,-11.230,-6.348,-2.808
-0.828,-0.017,0.535,-13.000,-8.118,-3.845
-0.830,-0.014,0.535,-9.766,-5.066,-2.319
-0.788,-0.123,0.613,1.465,3.784,0.244
-0.777,-0.158,0.648,5.554,5.981,-0.244
-0.773,-0.174,0.675,5.859,4.089,-1.587
-0.768,-0.144,0.660,2.441,0.732,-2.380
-0.778,-0.107,0.616,-3.540,-4.700,-3.113
-0.791,-0.059,0.519,-3.052,-4.700,-2.258
-0.783,-0.075,0.497,1.343,-0.122,0.427
-0.764,-0.139,0.564,1.160,1.770,1.221
-0.771,-0.135,0.607,-2.869,0.488,1.221
-0.787,-0.102,0.630,-2.136,-0.793,1.160
-0.792,-0.092,0.622,2.563,-0.854,0.488
-0.799,-0.112,0.613,4.089,-0.305,0.305
-0.797,-0.144,0.610,3.723,-0.488,0.427
-0.800,-0.138,0.613,2.441,-1.038,0.183
-0.808,-0.104,0.628,-0.793,-2.258,0.000

-2.382,-0.755,0.461,-36.377,0.854,17.944
-2.771,-0.805,0.325,-89.905,-0.732,17.212
-3.301,-0.706,-0.066,-89.844,9.949,27.100
-3.296,-0.792,-0.087,-71.106,57.129,52.979
-2.870,-0.874,0.186,-77.698,78.735,54.993
-2.656,-0.560,0.333,-82.092,103.394,59.753
-1.958,-0.160,0.655,-50.049,112.488,85.876
-1.427,-0.448,0.811,32.959,106.079,138.855
-0.561,-0.840,0.864,37.598,81.787,131.592
-0.269,-0.570,0.781,-61.096,3.296,54.687
-0.122,1.081,0.094,-124.512,-33.752,18.250
-0.097,1.831,-0.423,-153.442,-49.744,9.033
0.030,2.101,-0.760,-62.866,6.958,60.425
0.326,1.212,-0.428,23.804,57.312,87.036
0.357,0.714,-0.017,123.901,106.201,78.796
0.480,0.406,0.421,114.990,91.492,51.025
0.599,0.444,0.371,40.894,29.968,-15.869
0.591,0.605,0.086,10.986,10.620,-39.612
0.415,0.664,0.102,16.907,17.883,-33.691
0.263,0.288,0.441,40.405,35.400,-4.395
0.326,-0.260,0.625,56.519,51.392,24.231
0.381,-0.755,0.664,33.691,58.289,20.569
0.097,-0.922,0.342,5.005,59.753,-4.578
-0.145,-0.829,0.336,-15.442,86.792,-37.720
-0.359,-0.784,0.971,3.174,102.051,-44.373
-0.318,-0.633,1.429,50.598,93.018,-57.434
-0.364,-0.467,1.885,50.476,59.448,-61.279
-0.517,-0.437,1.720,-11.353,-32.532,-67.688
-0.729,-0.250,1.133,-32.166,-66.406,-71.167
-0.753,-0.008,0.863,-14.343,-90.454,-74.219
-0.886,0.324,0.345,-0.427,-84.961,-66.956
-0.961,0.358,0.180,7.446,-47.607,-45.288
-0.884,0.476,0.271,16.052,-21.667,-33.752
-0.837,0.446,0.503,30.273,14.526,-5.371
-0.870,-0.084,0.961,22.034,13.062,3.479
-0.884,-0.257,1.007,6.531,-1.587,1.404
-0.879,-0.220,0.857,-5.615,-37.415,-16.602
-0.801,-0.007,0.459,1.709,-40.894,-19.836
-0.784,0.038,0.416,4.700,-25.146,-16.541
-0.821,0.029,0.579,-3.479,-18.677,-13.550
-0.827,-0.001,0.645,-21.362,-22.827,-5.371
-0.781,-0.058,0.516,-24.597,-27.527,-2.258
-0.772,-0.066,0.398,-9.094,-19.104,-1.770
-0.815,-0.006,0.366,4.639,-5.981,-2.808
-0.836,0.010,0.512,20.752,15.991,1.160
-0.807,-0.151,0.854,18.433,14.282,4.272
-0.782,-0.226,0.866,-8.301,-12.024,0.977
-0.771,-0.154,0.617,-21.729,-22.888,-3.174
-0.787,-0.124,0.507,-25.085,-20.752,-6.470
-0.811,-0.067,0.409,-13.000,-10.498,-7.385
-0.814,-0.018,0.437,19.531,15.625,-5.920
-0.841,0.016,0.667,26.367,23.437,-3.296
-0.859,-0.022,0.785,11.780,15.808,2.502
-0.823,-0.104,0.800,0.061,5.066,3.662
-0.780,-0.109,0.720,-7.385,-4.089,3.113
-0.755,-0.103,0.661,-9.460,-10.559,-1.343
-0.782,-0.044,0.613,-7.690,-11.475,-2.930
-0.797,-0.050,0.559,0.610,-12.085,-0.977
-0.796,-0.057,0.470,6.348,-8.972,0.244
-0.786,-0.042,0.480,10.498,0.366,2.930
-0.761,-0.057,0.571,6.165,1.770,3.906
-0.771,-0.098,0.567,-7.141,-4.456,4.578
-0.801,-0.147,0.449,-9.583,-5.859,4.272
-0.803,-0.124,0.414,3.845,5.859,4.211
-0.778,-0.098,0.602,16.113,14.954,4.883
-0.765,-0.110,0.726,24.658,16.235,4.211
-0.776,-0.076,0.771,15.564,8.362,2.502
-0.786,-0.056,0.752,2.502,-0.732,1.404
-0.788,-0.055,0.726,-14.526,-15.991,1.526
-0.772,-0.094,0.550,-17.029,-20.752,1.465
-0.785,-0.118,0.432,-11.108,-16.541,0.122
-0.804,-0.099,0.341,-2.075,-7.690,-0.061
-0.801,-0.102,0.399,9.766,10.559,2.625
-0.787,-0.140,0.624,9.094,14.709,3.174
-0.771,-0.136,0.720,1.648,8.972,-0.061
-0.784,-0.079,0.716,-3.601,1.099,-1.404
-0.806,-0.093,0.615,-11.902,-10.498,-1.831
-0.817,-0.090,0.435,-9.827,-8.484,-1.221
-0.806,-0.077,0.482,7.568,7.507,1.343
-0.789,-0.076,0.735,11.108,10.559,1.770
-0.796,-0.101,0.795,6.958,6.409,1.343
-0.808,-0.136,0.745,-9.583,-11.963,-1.892
-0.821,-0.095,0.477,-13.733,-16.357,-3.967
-0.815,-0.042,0.409,-8.118,-6.653,-2.441
-0.802,-0.027,0.527,-0.671,2.441,0.244
-0.803,-0.033,0.656,5.737,8.423,2.441
-0.823,-0.074,0.735,1.526,2.625,2.319
-0.830,-0.093,0.647,-6.531,-10.803,1.221
-0.807,-0.070,0.467,-6.592,-11.475,1.343
-0.788,-0.086,0.468,-3.296,-2.075,3.052
-0.765,-0.128,0.566,-0.549,2.930,2.686
-0.775,-0.131,0.624,5.554,7.935,0.977
-0.800,-0.115,0.709,6.409,6.592,0.183
-0.802,-0.089,0.709,4.822,2.930,-0.549
-0.800,-0.067,0.684,-2.319,-5.554,-1.038
-0.793,-0.078,0.612,-4.211,-7.874,-0.854
-0.790,-0.090,0.578,-1.282,-6.714,-1.099
-0.803,-0.071,0.527,1.526,-4.517,-1.648
-0.820,-0.054,0.501,1.831,-0.488,-1.709
-0.822,-0.038,0.481,-0.122,1.465,-0.610
-0.810,-0.064,0.498,-1.343,6.531,1.831
-0.776,-0.132,0.603,1.648,9.033,1.587
-0.780,-0.115,0.655,8.362,7.751,-1.465
-0.832,-0.064,0.634,6.470,3.113,-2.136
-0.839,-0.050,0.548,-0.977,-4.639,-1.526
-0.818,-0.025,0.433,-0.854,-2.136,-0.671
-0.802,-0.032,0.494,2.686,9.399,1.587
-0.789,-0.085,0.697,2.563,10.803,2.258
-0.797,-0.122,0.745,0.549,7.446,2.563
-0.800,-0.143,0.721,-2.258,-5.554,3.174
-0.785,-0.162,0.559,0.122,-8.728,3.845
-0.769,-0.166,0.520,3.662,-4.883,1.953
-0.773,-0.109,0.570,1.404,-1.892,0.061
-0.783,-0.088,0.619,-4.456,-1.343,-0.916
-0.801,-0.093,0.647,-5.615,-3.906,-0.549
-0.810,-0.099,0.606,-1.526,-8.362,0.122
-0.802,-0.089,0.529,2.747,-7.751,0.427
-0.792,-0.082,0.516,6.470,-3.235,0.793
-0.785,-0.083,0.529,5.005,-0.671,1.038

-1.980,-0.553,0.441,-3.357,31.311,14.709
-2.244,-0.656,0.490,-14.282,45.044,24.048
-2.615,-0.805,0.632,-18.127,46.753,30.273
-2.662,-0.813,0.687,-22.217,35.278,39.917
-2.333,-0.785,0.718,-26.306,23.926,43.823
-1.959,-0.714,0.690,-34.424,-3.662,47.485
-1.200,-0.440,0.415,-33.447,-14.343,47.485
-0.886,-0.211,0.297,-12.207,-12.207,49.561
-0.351,0.283,0.395,-0.427,-4.456,54.871
-0.113,0.395,0.583,-30.090,-8.118,50.842
0.148,0.406,0.718,-61.035,-23.315,34.973
0.125,0.332,0.533,-76.965,-37.903,15.381
0.064,0.280,0.289,-36.011,-31.250,-11.536
0.112,0.140,0.118,0.488,-8.484,-13.062
0.207,-0.057,0.262,48.645,40.222,-19.531
0.068,-0.345,0.492,49.133,53.711,-38.147
-0.117,-0.114,0.570,30.151,58.472,-75.256
-0.236,0.742,0.802,33.386,48.767,-70.801
-0.143,0.872,0.856,54.749,13.000,-21.790
0.063,0.496,0.420,47.729,4.272,-6.897
0.071,0.387,0.402,3.174,30.701,-9.399
-0.298,-0.241,1.092,-17.029,40.222,-6.653
-0.382,-0.587,1.328,-31.372,30.090,-4.822
-0.373,-0.526,1.033,-50.537,-35.583,-18.677
-0.443,-0.265,0.655,-55.969,-65.735,-24.231
-0.559,0.001,0.334,-28.564,-66.956,-12.939
-0.638,0.169,0.284,3.906,-41.748,1.038
-0.673,0.008,0.517,46.814,8.972,13.733
-0.806,-0.232,1.021,43.091,13.611,9.460
-0.822,-0.226,1.010,21.362,-18.311,-3.418
-0.797,-0.036,0.611,12.573,-32.349,-8.850
-0.796,0.058,0.454,3.235,-28.748,-6.714
-0.801,-0.067,0.526,-0.061,-17.212,-4.211
-0.790,-0.111,0.670,-11.658,-8.911,-9.521
-0.818,-0.121,0.652,-15.564,-15.015,-11.780
-0.842,-0.131,0.513,-7.568,-23.865,-12.573
-0.878,0.003,0.330,1.221,-19.409,-13.000
-0.896,0.106,0.356,14.038,0.183,-6.836
-0.907,0.086,0.529,16.418,8.179,-0.671
-0.894,-0.028,0.604,16.235,11.536,4.089
-0.876,-0.144,0.623,8.789,4.944,4.822
-0.833,-0.238,0.554,5.981,0.000,2.075
-0.827,-0.187,0.516,9.399,-1.465,-2.136
-0.822,-0.079,0.548,13.245,2.014,-1.160
-0.823,-0.077,0.611,14.221,4.517,0.610
-0.837,-0.145,0.591,11.475,0.366,-0.793
-0.843,-0.116,0.489,7.446,-7.202,-5.981
-0.850,0.020,0.311,6.531,-3.174,-2.991
-0.817,-0.043,0.390,7.202,13.611,5.859
-0.787,-0.158,0.662,6.104,15.747,5.432
-0.806,-0.175,0.708,-4.150,2.136,0.183
-0.821,-0.132,0.557,-9.399,-6.470,-1.770
-0.817,-0.094,0.456,-10.132,-10.254,-2.319
-0.794,-0.067,0.451,3.113,-0.671,0.244
-0.795,-0.093,0.537,10.193,6.409,2.258
-0.813,-0.131,0.617,10.315,8.362,3.357
-0.837,-0.127,0.622,4.333,3.540,2.258
-0.827,-0.105,0.589,-6.897,-3.174,0.488
-0.804,-0.099,0.598,-8.240,-3.235,0.183
-0.802,-0.119,0.628,-9.277,-4.150,0.305
-0.813,-0.147,0.609,-9.338,-6.470,0.061
-0.818,-0.125,0.531,-0.549,-7.751,0.854
-0.801,-0.086,0.446,5.371,-4.333,2.502
-0.800,-0.088,0.468,7.019,3.723,4.761
-0.830,-0.101,0.593,3.967,5.310,5.005
-0.834,-0.109,0.647,-2.197,0.916,4.028
-0.827,-0.135,0.632,-5.798,-3.784,2.380
-0.812,-0.138,0.579,-10.925,-10.315,-1.282
-0.803,-0.127,0.484,-10.925,-10.132,-2.197
-0.807,-0.105,0.464,-2.808,-2.258,0.000
-0.805,-0.089,0.539,2.869,2.930,2.441
-0.799,-0.103,0.590,6.165,5.981,4.028
-0.798,-0.111,0.610,2.319,3.845,2.563
-0.816,-0.109,0.568,-1.343,1.709,1.160
-0.818,-0.130,0.549,-2.991,1.648,0.305
-0.798,-0.148,0.562,-1.831,2.747,-0.122
-0.795,-0.134,0.568,0.061,4.150,-1.160
-0.824,-0.122,0.594,0.854,4.395,-1.099
-0.837,-0.131,0.610,0.000,1.526,-1.221
-0.825,-0.112,0.573,-1.038,-0.610,-1.770
-0.812,-0.102,0.556,-2.686,-0.610,-2.197
-0.800,-0.135,0.595,-2.563,0.000,-1.770
-0.801,-0.142,0.595,2.014,-1.526,-0.366
-0.821,-0.117,0.536,5.371,-1.587,0.854
-0.821,-0.117,0.545,6.897,0.610,2.625
-0.803,-0.102,0.595,4.883,0.427,1.892
-0.810,-0.102,0.598,-2.014,-3.357,0.000
-0.817,-0.121,0.559,-5.127,-5.981,-0.916
-0.813,-0.096,0.509,-6.836,-7.751,-1.648
-0.815,-0.078,0.475,-6.042,-4.700,-0.488
-0.818,-0.092,0.505,-3.723,-1.343,0.793
-0.814,-0.109,0.573,1.465,2.380,2.319
-0.809,-0.122,0.594,2.930,2.258,2.319
-0.808,-0.126,0.601,1.099,-1.221,0.305
-0.822,-0.128,0.545,-2.136,-3.601,-1.038
-0.817,-0.117,0.515,-8.362,-5.615,-2.441
-0.798,-0.101,0.490,-9.155,-5.005,-1.526
-0.797,-0.120,0.485,-3.845,-1.038,1.221
-0.817,-0.139,0.526,0.366,2.075,2.014
-0.822,-0.131,0.590,4.883,5.798,2.563
-0.826,-0.126,0.689,4.150,3.845,1.892
-0.827,-0.135,0.662,-2.197,-4.761,-0.793
-0.823,-0.109,0.539,-5.432,-7.141,-1.953
-0.822,-0.079,0.501,-3.906,-3.601,-0.854
-0.812,-0.090,0.534,-0.183,0.610,0.854
-0.803,-0.120,0.593,2.991,3.845,1.831
-0.806,-0.123,0.614,4.456,2.319,0.244
-0.809,-0.108,0.554,2.869,-0.732,-0.916
-0.812,-0.094,0.495,-2.686,-2.136,-2.563
-0.819,-0.059,0.503,-4.639,-0.244,-1.770
-0.813,-0.089,0.551,-3.174,2.991,1.831
-0.799,-0.147,0.609,-2.014,2.197,1.648
-0.807,-0.173,0.600,-3.357,-1.953,0.122
-0.806,-0.167,0.564,-3.906,-4.211,-1.099
-0.808,-0.124,0.529,-3.479,-5.981,-2.563
-0.821,-0.074,0.511,-3.540,-4.700,-1.953
-0.828,-0.085,0.536,-4.700,-2.319,-0.366
-0.835,-0.109,0.547,-3.601,-2.136,0.244
-0.827,-0.118,0.534,1.465,-0.549,0.671

-2.004,-0.508,0.469,5.188,17.273,3.784
-2.408,-0.595,0.387,7.935,33.203,14.099
-2.747,-0.783,0.740,4.333,40.466,21.851
-2.516,-0.822,1.022,-16.846,9.583,29.663
-1.834,-0.466,0.849,-28.503,-20.691,29.663
-1.490,-0.158,0.575,-7.996,-43.213,46.875
-0.803,0.038,0.284,20.996,-30.884,60.059
-0.469,0.062,0.303,54.810,2.380,61.768
0.068,-0.134,0.368,47.852,13.123,44.128
0.248,-0.035,0.336,32.104,21.545,13.000
0.325,0.301,0.304,7.324,48.157,-44.128
0.158,0.725,0.498,8.972,66.223,-46.021
-0.006,0.486,0.708,25.879,81.360,-14.282
-0.311,-0.220,0.810,27.771,69.763,-4.822
-0.323,-0.272,0.673,20.325,37.598,-9.399
-0.096,-0.109,0.579,16.724,30.029,-13.428
0.038,0.009,0.620,11.414,20.874,-25.818
0.059,0.320,0.563,8.240,16.663,-30.579
-0.110,0.350,0.477,4.395,15.381,-29.114
-0.505,0.014,0.514,-4.883,21.179,-8.728
-0.569,-0.245,0.575,-11.230,20.447,1.831
-0.529,-0.440,0.607,-10.559,9.460,0.610
-0.456,-0.503,0.593,0.122,4.944,-9.583
-0.497,-0.424,0.623,21.362,2.014,-29.480
-0.581,-0.183,0.702,19.165,-0.366,-33.691
-0.613,-0.133,0.735,-9.766,-14.893,-31.677
-0.731,-0.148,0.598,-26.001,-22.766,-29.358
-0.766,-0.119,0.492,-34.424,-22.156,-22.461
-0.678,-0.028,0.522,-21.606,-11.353,-15.686
-0.651,-0.091,0.681,17.944,9.460,-6.958
-0.745,-0.190,0.888,26.917,8.606,-9.399
-0.810,-0.159,0.849,12.756,-10.376,-15.686
-0.844,-0.047,0.612,1.099,-18.005,-14.465
-0.785,-0.019,0.560,-6.470,-15.808,-5.432
-0.687,-0.074,0.613,-2.380,-9.399,-1.282
-0.693,-0.131,0.666,3.967,-3.052,-0.122
-0.753,-0.165,0.715,11.414,1.587,-6.226
-0.756,-0.110,0.695,10.132,-0.427,-10.437
-0.762,-0.040,0.650,5.310,-4.883,-12.268
-0.774,0.005,0.584,4.211,-4.883,-9.216
-0.762,-0.027,0.595,1.892,-1.770,-1.892
-0.758,-0.127,0.623,0.916,-0.366,-0.305
-0.764,-0.160,0.637,0.916,0.793,-1.953
-0.796,-0.150,0.616,0.244,-0.671,-4.089
-0.810,-0.095,0.570,-0.427,-3.357,-5.310
-0.806,-0.021,0.556,2.441,-1.160,-2.563
-0.787,-0.047,0.629,9.583,5.493,3.967
-0.767,-0.139,0.792,8.545,4.028,4.089
-0.771,-0.135,0.776,-3.723,-10.742,-0.488
-0.820,-0.084,0.539,-9.583,-16.968,-1.526
-0.820,-0.084,0.434,-10.803,-12.634,1.282
-0.776,-0.169,0.446,-4.639,-3.174,2.319
-0.756,-0.175,0.546,5.920,7.263,1.465
-0.769,-0.135,0.705,21.545,16.235,-1.831
-0.793,-0.106,0.711,19.043,12.695,-2.380
-0.805,-0.067,0.692,0.183,0.061,-1.526
-0.784,-0.042,0.642,-8.728,-4.883,0.061
-0.766,-0.074,0.633,-13.855,-7.568,2.747
-0.748,-0.149,0.629,-11.536,-6.958,2.502
-0.755,-0.164,0.600,-0.549,-3.540,0.488
-0.778,-0.125,0.565,6.714,0.122,-0.122
-0.775,-0.089,0.593,12.695,4.944,0.854
-0.772,-0.056,0.641,9.033,3.479,2.258
-0.778,-0.085,0.626,-6.775,-3.967,4.944
-0.767,-0.148,0.565,-13.245,-6.226,4.700
-0.759,-0.146,0.559,-10.681,-2.747,2.502
-0.758,-0.128,0.613,-2.502,0.793,2.197
-0.765,-0.132,0.642,7.263,3.174,1.709
-0.773,-0.106,0.660,4.456,1.221,0.732
-0.773,-0.098,0.644,-0.732,-1.709,0.244
-0.770,-0.125,0.619,-7.690,-6.165,1.648
-0.755,-0.177,0.560,-8.301,-6.287,1.648
-0.746,-0.173,0.545,-3.540,-1.038,0.305
-0.753,-0.140,0.576,0.061,2.686,-0.610
-0.765,-0.114,0.604,2.869,6.042,-2.319
-0.773,-0.079,0.643,1.770,5.859,-2.258
-0.764,-0.094,0.665,-0.977,4.333,-0.977
-0.750,-0.165,0.682,-2.075,2.930,-0.977
-0.759,-0.170,0.678,-3.174,-0.122,-2.686
-0.774,-0.110,0.667,-2.869,-1.892,-2.930
-0.778,-0.091,0.647,-3.113,-5.920,-1.892
-0.778,-0.092,0.577,-3.906,-6.897,-1.953
-0.778,-0.093,0.551,-4.639,-5.920,-2.441
-0.766,-0.100,0.593,-1.465,0.916,-2.075
-0.760,-0.100,0.653,2.136,4.089,-1.404
-0.764,-0.101,0.701,3.052,1.770,-1.038
-0.791,-0.106,0.658,0.183,-2.686,-1.160
-0.798,-0.105,0.593,-3.723,-7.446,-1.404
-0.777,-0.105,0.504,-2.808,-5.615,-1.343
-0.761,-0.112,0.511,2.991,3.601,-1.099
-0.756,-0.135,0.613,4.883,7.507,-1.343
-0.773,-0.124,0.664,3.174,6.592,-2.441
-0.794,-0.078,0.660,0.183,2.686,-2.258
-0.788,-0.076,0.627,-5.249,-2.075,-1.099
-0.775,-0.106,0.604,-4.517,-0.854,-0.916
-0.776,-0.116,0.624,3.235,3.906,-0.854
-0.788,-0.110,0.679,4.700,4.028,-0.977
-0.792,-0.094,0.686,2.441,1.831,-1.160
-0.784,-0.065,0.643,-4.272,-4.089,-0.610
-0.774,-0.073,0.619,-4.028,-4.761,0.488
-0.770,-0.087,0.609,0.977,-2.441,2.258
-0.767,-0.118,0.602,1.404,-1.892,2.686
-0.765,-0.134,0.585,-3.723,-2.380,1.831
-0.763,-0.129,0.561,-4.883,-1.221,0.793
-0.760,-0.110,0.571,0.183,4.456,-0.122
-0.755,-0.114,0.654,3.418,6.470,0.061
-0.766,-0.129,0.686,4.822,3.845,-0.549
-0.788,-0.107,0.652,3.296,0.427,-0.732
-0.784,-0.101,0.615,-1.038,-2.686,0.305
-0.758,-0.098,0.590,-2.441,-1.404,0.549
-0.750,-0.099,0.616,-2.686,0.549,0.488
-0.766,-0.125,0.652,-1.648,0.977,0.427
-0.771,-0.125,0.640,-1.709,-0.732,0.305
-0.766,-0.114,0.609,-1.343,-2.930,-0.244
-0.755,-0.089,0.571,-0.610,-1.709,-0.366
-0.761,-0.093,0.593,-0.916,1.709,0.549
-0.770,-0.131,0.648,-1.648,1.648,1.160
-0.767,-0.148,0.642,-1.160,-0.916,0.488
-0.766,-0.149,0.591,-0.122,-1.343,-0.793

-1.724,-0.472,0.649,-0.793,-2.014,39.429
-1.781,-0.533,0.687,-23.254,-10.803,39.246
-1.719,-0.467,0.686,-30.029,-16.602,38.330
-1.686,-0.367,0.616,-22.095,-19.653,44.006
-1.612,-0.251,0.605,-5.798,-14.160,52.429
-1.527,-0.266,0.668,21.423,-7.141,67.749
-1.204,-0.182,0.652,23.193,-10.132,72.021
-0.972,-0.177,0.583,14.954,-18.066,77.881
-0.587,-0.550,0.457,12.085,-18.799,71.167
-0.516,-0.651,0.354,11.353,-17.273,51.941
-0.377,-0.228,0.148,18.433,-4.944,0.610
-0.261,0.021,0.094,24.780,7.385,-12.756
-0.120,0.164,0.094,39.734,41.199,-13.794
0.112,0.139,0.302,50.476,58.716,-11.841
0.127,-0.042,0.458,69.153,79.712,-18.555
0.141,0.021,0.547,70.374,79.956,-28.748
0.163,0.182,0.507,54.199,77.820,-37.720
0.081,-0.040,0.562,40.283,77.942,-38.208
0.017,-0.234,0.562,6.531,63.538,-58.411
-0.155,-0.138,0.330,-9.827,53.345,-73.303
-0.262,0.128,0.274,-21.118,47.058,-80.811
-0.457,0.325,0.420,-17.395,46.143,-51.636
-0.495,0.040,0.543,-5.859,47.546,-23.071
-0.474,-0.291,0.696,10.132,46.021,2.136
-0.455,-0.422,0.993,10.315,39.856,-4.944
-0.518,-0.322,1.100,-1.831,14.221,-17.822
-0.637,-0.257,1.164,-11.108,-5.249,-18.494
-0.686,-0.238,1.054,-26.978,-46.265,-19.348
-0.694,-0.078,0.580,-28.198,-57.007,-19.348
-0.683,-0.022,0.401,-11.719,-44.495,-11.292
-0.763,-0.066,0.354,-2.991,-30.701,-5.615
-0.786,-0.086,0.414,-1.160,-12.756,2.380
-0.774,-0.124,0.478,-4.883,-7.874,5.981
-0.769,-0.209,0.528,-5.188,4.822,7.996
-0.769,-0.274,0.785,-0.916,8.972,3.540
-0.787,-0.219,0.874,1.587,7.263,-2.441
-0.844,-0.030,0.752,-3.357,-10.559,-9.277
-0.865,0.002,0.647,-5.920,-17.090,-7.202
-0.866,0.000,0.582,-1.343,-13.550,2.258
-0.803,-0.032,0.622,5.310,-6.409,6.836
-0.779,-0.071,0.709,11.230,0.916,13.000
-0.787,-0.227,0.763,6.592,-4.028,13.367
-0.790,-0.250,0.659,-7.874,-18.372,7.751
-0.781,-0.191,0.418,-12.085,-17.029,5.493
-0.773,-0.175,0.421,-5.493,3.052,4.700
-0.755,-0.169,0.645,3.052,11.658,4.639
-0.780,-0.180,0.738,12.024,9.644,5.005
-0.822,-0.211,0.683,9.277,1.953,5.920
-0.795,-0.214,0.603,0.854,-6.287,6.226
-0.726,-0.160,0.520,-1.038,-3.845,5.249
-0.715,-0.157,0.562,-1.343,1.038,4.578
-0.731,-0.175,0.623,-2.258,5.188,4.089
-0.757,-0.215,0.658,-3.235,2.625,4.089
-0.750,-0.219,0.617,-2.441,-1.587,3.418
-0.726,-0.164,0.583,-0.122,0.549,3.784
-0.731,-0.155,0.644,1.404,5.432,7.385
-0.755,-0.211,0.760,-2.075,2.197,8.423
-0.747,-0.243,0.735,-13.428,-11.963,6.348
-0.718,-0.241,0.574,-16.785,-15.564,3.906
-0.712,-0.211,0.527,-10.803,-7.935,2.136
-0.729,-0.226,0.597,-3.113,-1.160,2.686
-0.752,-0.235,0.659,9.338,2.380,1.892
-0.783,-0.222,0.636,8.728,-2.014,1.404
-0.762,-0.223,0.576,-0.488,-8.484,0.244
-0.726,-0.216,0.541,-2.747,-6.348,-1.648
-0.735,-0.188,0.578,-1.709,-2.014,-3.357
-0.786,-0.180,0.672,1.648,3.113,-2.808
-0.781,-0.172,0.660,0.366,0.671,-1.892
-0.764,-0.165,0.603,-4.822,-5.493,-0.854
-0.750,-0.185,0.499,-5.981,-4.517,-0.732
-0.751,-0.186,0.521,-1.770,4.333,-0.610
-0.755,-0.182,0.686,2.258,7.568,-0.122
-0.758,-0.185,0.760,2.319,0.732,0.244
-0.763,-0.210,0.673,-4.456,-7.751,-0.366
-0.767,-0.213,0.568,-19.470,-16.174,-2.441
-0.764,-0.201,0.474,-21.118,-12.939,-2.747
-0.751,-0.190,0.517,-10.376,0.305,-2.686
-0.748,-0.161,0.661,-1.770,4.456,-2.563
-0.762,-0.164,0.692,7.324,2.014,-1.465
-0.786,-0.190,0.642,3.967,-2.136,-1.465
-0.778,-0.180,0.609,-8.667,-6.348,-2.747
-0.748,-0.156,0.610,-11.353,-5.371,-2.930
-0.739,-0.156,0.641,-10.559,-4.150,-2.808
-0.751,-0.163,0.625,-9.338,-5.371,-2.686
-0.772,-0.177,0.580,-3.967,-4.456,-1.648
-0.774,-0.189,0.551,0.610,-1.221,-1.404
-0.758,-0.167,0.589,8.179,4.761,-1.404
-0.750,-0.151,0.660,8.057,4.761,-1.038
-0.758,-0.173,0.667,4.578,2.686,-0.854
-0.767,-0.187,0.658,-6.531,-3.845,-2.502
-0.778,-0.183,0.611,-9.521,-5.920,-3.113
-0.774,-0.172,0.592,-5.554,-5.310,-2.197
-0.754,-0.182,0.598,-0.916,-3.174,-1.343
-0.752,-0.198,0.618,5.920,0.000,-1.770
-0.756,-0.187,0.625,6.042,-0.427,-2.869
-0.770,-0.177,0.611,0.366,-4.395,-4.150
-0.793,-0.139,0.532,-2.380,-6.165,-4.150
-0.791,-0.128,0.498,-3.723,-1.953,-2.319
-0.771,-0.136,0.562,-2.563,3.296,-1.404
-0.764,-0.143,0.645,0.427,9.155,-1.038
-0.776,-0.167,0.754,0.916,6.409,-1.343
-0.783,-0.169,0.726,-1.526,-5.676,-2.930
-0.804,-0.142,0.547,-2.991,-8.972,-3.174
-0.802,-0.127,0.499,-1.526,-2.380,-0.977
-0.779,-0.129,0.603,0.916,3.601,0.488
-0.773,-0.142,0.695,2.869,6.958,1.343
-0.770,-0.155,0.748,0.610,0.488,1.160
-0.784,-0.181,0.642,-2.991,-5.737,0.244
-0.782,-0.173,0.551,-5.005,-7.996,-1.404
-0.768,-0.163,0.519,-3.235,-3.967,-1.160
-0.770,-0.168,0.561,0.366,2.075,-0.488
-0.770,-0.147,0.595,1.282,2.136,-0.183
-0.772,-0.137,0.590,0.488,0.732,0.977
-0.776,-0.161,0.575,-0.427,0.488,1.282
-0.772,-0.173,0.570,0.305,2.441,0.061
-0.760,-0.164,0.606,2.563,4.456,-0.549
-0.758,-0.163,0.646,4.089,5.310,-0.671
-0.767,-0.161,0.705,1.953,2.808,-0.854
-0.778,-0.157,0.694,-3.662,-6.042,-1.099

-1.917,-0.494,0.461,14.404,16.663,20.752
-2.035,-0.538,0.519,10.376,24.292,26.733
-1.952,-0.589,0.662,7.629,22.339,29.053
-1.834,-0.537,0.688,-6.226,9.521,28.931
-1.555,-0.380,0.659,-12.207,2.625,29.968
-1.390,-0.348,0.582,-7.324,-5.066,34.851
-1.016,-0.267,0.341,4.578,-2.197,36.743
-0.807,-0.203,0.268,27.832,16.541,37.170
-0.410,-0.137,0.286,31.677,26.184,34.485
-0.246,-0.084,0.299,29.358,33.020,28.870
-0.101,-0.063,0.327,11.230,41.199,9.521
0.032,-0.160,0.453,1.099,42.603,-7.446
-0.016,-0.104,0.456,-9.216,38.391,-46.875
-0.159,0.152,0.334,-6.042,37.659,-53.772
-0.208,0.133,0.308,16.602,46.509,-35.034
-0.102,-0.133,0.424,33.081,52.612,-25.696
-0.057,-0.234,0.487,52.185,59.204,-36.926
-0.115,0.067,0.544,48.035,59.448,-51.147
-0.174,0.338,0.596,20.325,56.946,-53.833
-0.314,0.472,0.839,5.310,52.246,-39.856
-0.386,0.326,0.934,-5.920,42.786,-23.071
-0.476,0.100,0.963,-15.564,12.573,-0.916
-0.581,-0.242,0.748,-14.099,-2.869,1.160
-0.596,-0.308,0.557,7.080,-11.658,-3.845
-0.542,-0.239,0.432,24.963,-1.160,-7.629
-0.506,-0.158,0.597,40.161,22.400,-13.062
-0.599,-0.120,1.062,25.635,18.860,-13.733
-0.709,-0.156,1.145,-26.306,-28.137,-12.878
-0.813,-0.203,0.768,-48.706,-57.312,-11.902
-0.791,-0.193,0.443,-60.852,-77.087,-10.071
-0.714,-0.118,-0.003,-43.152,-58.044,-10.071
-0.703,-0.051,0.067,24.170,15.381,-9.644
-0.767,-0.042,0.729,47.729,41.687,-7.202
-0.797,-0.084,0.979,40.466,31.860,-2.930
-0.818,-0.114,0.905,18.250,9.460,-3.906
-0.802,-0.059,0.728,-17.212,-16.663,-5.554
-0.751,-0.090,0.600,-19.104,-13.794,-4.028
-0.746,-0.111,0.647,2.014,2.747,-2.747
-0.761,-0.097,0.831,15.686,6.104,-2.625
-0.790,-0.073,0.836,22.461,2.197,-2.136
-0.815,-0.057,0.745,12.451,-16.113,0.732
-0.801,-0.057,0.468,2.869,-20.203,2.625
-0.769,-0.083,0.410,-8.362,-7.996,3.967
-0.727,-0.129,0.593,-6.653,2.686,2.502
-0.740,-0.129,0.730,4.272,9.155,0.488
-0.796,-0.162,0.771,8.606,3.113,0.977
-0.800,-0.151,0.661,9.766,-9.521,1.587
-0.767,-0.055,0.474,8.179,-8.850,2.319
-0.746,-0.048,0.481,1.282,1.648,5.920
-0.749,-0.130,0.642,-3.601,5.371,6.531
-0.772,-0.178,0.708,-11.108,1.404,4.761
-0.780,-0.217,0.685,-11.841,-4.028,3.357
-0.761,-0.187,0.612,-9.338,-8.179,1.892
-0.744,-0.135,0.554,1.709,-5.310,0.366
-0.752,-0.099,0.598,4.944,-1.099,0.854
-0.781,-0.125,0.641,1.465,-1.160,1.160
-0.803,-0.130,0.601,-2.197,-4.333,0.671
-0.797,-0.112,0.563,-5.859,-5.249,1.587
-0.771,-0.097,0.609,-5.615,-3.174,2.625
-0.760,-0.086,0.647,-4.333,-3.052,3.845
-0.785,-0.120,0.633,-3.052,-4.700,4.578
-0.801,-0.144,0.583,0.061,-5.920,5.066
-0.787,-0.148,0.512,1.465,-3.418,4.578
-0.775,-0.120,0.532,3.723,5.615,2.991
-0.768,-0.073,0.670,3.357,7.996,3.357
-0.778,-0.102,0.716,0.854,6.531,4.517
-0.782,-0.172,0.640,-6.653,-3.174,5.188
-0.769,-0.167,0.577,-7.324,-5.493,4.150
-0.757,-0.146,0.541,-2.869,-0.366,2.441
-0.748,-0.113,0.569,-0.366,3.906,2.380
-0.756,-0.109,0.620,1.709,7.996,3.113
-0.774,-0.148,0.710,1.099,6.592,4.150
-0.767,-0.190,0.725,-3.113,-1.587,4.211
-0.747,-0.187,0.673,-5.615,-6.226,2.319
-0.752,-0.154,0.627,-10.437,-11.536,-0.793
-0.771,-0.119,0.538,-12.878,-11.353,-0.977
-0.762,-0.123,0.521,-8.911,-3.540,0.610
-0.741,-0.170,0.571,-1.038,2.258,1.099
-0.746,-0.170,0.613,12.512,8.850,-0.061
-0.767,-0.157,0.662,12.817,8.301,-0.427
-0.765,-0.163,0.682,9.766,6.531,-0.610
-0.757,-0.159,0.707,1.648,0.977,-2.014
-0.763,-0.137,0.716,-3.601,-3.967,-2.625
-0.787,-0.134,0.663,-14.709,-15.137,-3.174
-0.795,-0.103,0.534,-18.188,-17.151,-3.357
-0.783,-0.091,0.504,-16.296,-10.437,-2.869
-0.773,-0.082,0.538,-10.254,-3.967,-2.258
-0.783,-0.091,0.586,5.066,6.104,0.305
-0.794,-0.117,0.657,9.766,6.958,1.587
-0.793,-0.126,0.651,8.423,2.930,2.014
-0.765,-0.115,0.625,4.761,1.099,1.404
-0.750,-0.122,0.629,-3.723,-1.160,0.610
-0.747,-0.142,0.625,-6.714,-2.258,0.183
-0.754,-0.152,0.622,-7.996,-2.930,0.000
-0.753,-0.159,0.630,-5.615,-2.686,-0.122
-0.755,-0.154,0.621,-2.075,-2.319,-0.488
-0.764,-0.141,0.599,3.906,-1.099,-1.160
-0.778,-0.131,0.578,3.723,-0.122,-1.221
-0.772,-0.135,0.586,0.061,1.526,-1.953
-0.760,-0.127,0.637,-1.526,2.075,-2.625
-0.763,-0.115,0.670,-1.831,0.671,-2.747
-0.777,-0.122,0.673,-1.282,-2.075,-2.319
-0.781,-0.119,0.628,-1.038,-7.629,-2.197
-0.783,-0.109,0.530,-0.977,-7.568,-1.831
-0.781,-0.109,0.519,-0.244,-1.892,-0.793
-0.774,-0.121,0.555,0.244,1.892,-0.366
-0.776,-0.125,0.598,0.244,5.615,-0.793
-0.781,-0.116,0.640,0.000,4.395,-1.221
-0.782,-0.123,0.630,-0.610,2.380,-1.343
-0.774,-0.107,0.615,-1.404,0.305,-1.587
-0.771,-0.091,0.620,-0.366,0.610,-1.343
-0.775,-0.087,0.627,0.916,0.244,0.183
-0.786,-0.119,0.610,-0.671,-1.221,0.671
-0.783,-0.133,0.574,-3.540,-1.953,0.488
-0.766,-0.136,0.584,-2.625,0.977,0.244
-0.763,-0.129,0.637,2.502,6.348,-0.305
-0.772,-0.113,0.710,3.845,5.371,-0.427
-0.778,-0.112,0.695,0.610,-2.197,-0.305
-0.787,-0.107,0.584,-1.953,-4.761,-0.061

-1.895,-0.343,0.569,-7.629,2.258,23.499
-2.046,-0.434,0.623,-8.911,-0.244,34.729
-2.175,-0.582,0.688,-17.090,-7.874,37.476
-2.162,-0.564,0.666,-47.119,-30.457,38.574
-2.082,-0.374,0.700,-59.082,-40.955,42.358
-1.937,-0.391,0.719,-54.016,-63.171,54.626
-1.430,-0.449,0.275,-35.950,-72.937,55.176
-1.115,-0.395,-0.158,22.949,-53.345,45.166
-0.471,-0.382,-0.643,47.852,-17.212,32.166
-0.191,-0.193,-0.527,49.072,73.364,-18.372
0.193,0.608,0.272,33.203,105.347,-39.185
0.284,0.757,0.574,18.799,118.652,-44.373
0.317,0.591,0.706,3.052,112.427,-31.860
0.317,0.038,0.815,-0.549,107.056,-32.898
0.342,-0.031,0.850,13.733,101.868,-47.363
0.394,-0.036,0.894,35.339,102.417,-52.246
0.287,-0.073,0.875,75.989,96.497,-61.584
-0.058,0.043,0.677,82.214,86.243,-65.186
-0.158,0.167,0.498,68.420,70.618,-53.162
-0.221,0.051,0.454,56.091,71.533,-38.818
-0.256,-0.112,0.714,23.987,60.303,-21.973
-0.494,-0.285,1.237,-3.418,32.898,-20.996
-0.622,-0.292,1.193,-63.538,-46.692,-19.592
-0.566,-0.274,0.636,-74.646,-73.730,-16.968
-0.502,-0.275,0.368,-64.697,-81.238,-16.235
-0.591,-0.088,0.135,-12.207,-49.255,-24.231
-0.679,0.019,0.199,6.653,-25.452,-25.696
-0.746,0.099,0.332,5.859,3.418,-19.287
-0.871,0.126,0.564,-5.737,6.287,-12.573
-0.898,0.051,0.626,-22.522,5.127,3.601
-0.739,-0.152,0.828,-20.630,5.737,6.531
-0.695,-0.179,0.924,5.798,3.967,-6.104
-0.856,-0.034,0.964,21.057,-1.465,-13.550
-0.928,0.050,0.918,26.184,-18.982,-13.550
-0.907,0.083,0.795,18.066,-28.625,-9.399
-0.860,0.073,0.693,0.366,-41.504,-2.747
-0.833,0.091,0.467,-2.747,-40.100,0.183
-0.814,0.115,0.430,6.714,-21.851,7.812
-0.792,0.018,0.530,12.207,-12.085,10.315
-0.797,-0.054,0.590,13.184,-6.775,9.705
-0.804,-0.124,0.525,2.075,-7.996,4.272
-0.789,-0.125,0.476,-1.648,-6.958,2.869
-0.759,-0.093,0.487,6.897,5.737,1.709
-0.737,-0.016,0.714,12.756,10.803,2.014
-0.764,-0.038,0.802,6.470,0.000,3.540
-0.809,-0.124,0.628,-3.662,-11.475,2.930
-0.801,-0.121,0.470,-12.329,-16.846,0.427
-0.759,-0.064,0.373,-7.507,-7.385,0.000
-0.740,-0.020,0.492,7.690,16.846,0.977
-0.765,-0.030,0.840,9.705,19.653,2.136
-0.791,-0.085,0.886,-3.113,-0.305,2.319
-0.781,-0.121,0.661,-10.193,-11.719,0.610
-0.767,-0.095,0.528,-8.179,-12.695,-0.732
-0.757,-0.086,0.499,-1.465,-4.456,0.183
-0.769,-0.094,0.588,5.066,3.723,0.671
-0.782,-0.086,0.684,9.705,6.165,-0.610
-0.826,-0.062,0.686,6.287,-0.549,-0.671
-0.822,-0.076,0.582,-3.906,-11.902,1.404
-0.776,-0.091,0.441,-4.639,-9.155,1.770
-0.756,-0.071,0.508,5.188,5.188,1.709
-0.759,-0.066,0.720,8.850,6.714,1.526
-0.791,-0.051,0.698,2.258,-5.981,-0.854
-0.812,-0.003,0.495,-4.822,-11.108,-0.549
-0.801,-0.006,0.446,-14.709,-6.775,2.441
-0.780,-0.016,0.574,-16.602,-1.221,3.723
-0.782,-0.049,0.682,-18.738,-0.244,5.127
-0.805,-0.082,0.659,-17.395,-4.822,4.517
-0.806,-0.060,0.559,-4.761,-5.371,4.272
-0.788,-0.045,0.542,3.113,0.977,5.554
-0.786,-0.060,0.623,7.263,8.301,7.080
-0.792,-0.090,0.684,3.296,5.066,6.592
-0.798,-0.116,0.619,-1.648,-0.549,5.859
-0.791,-0.132,0.532,-4.883,-4.944,4.333
-0.769,-0.136,0.487,-1.953,-0.732,3.357
-0.772,-0.104,0.557,5.493,9.521,0.732
-0.788,-0.059,0.745,4.578,9.216,0.549
-0.793,-0.070,0.767,-7.446,-3.601,1.160
-0.774,-0.131,0.628,-12.085,-9.644,0.977
-0.758,-0.144,0.568,-9.766,-9.033,-1.160
-0.762,-0.110,0.584,-4.700,-5.493,-2.380
-0.776,-0.080,0.596,2.136,-2.441,-3.174
-0.792,-0.057,0.553,1.526,-2.747,-2.502
-0.788,-0.079,0.533,-3.662,-0.916,-1.709
-0.776,-0.075,0.590,-4.944,1.404,-2.625
-0.780,-0.040,0.641,-2.625,2.808,-3.052
-0.798,-0.030,0.701,-1.160,0.732,-2.197
-0.802,-0.039,0.693,-2.563,-7.019,-1.038
-0.791,-0.090,0.585,-4.639,-10.193,-0.610
-0.780,-0.097,0.522,-3.174,-8.301,-1.648
-0.789,-0.034,0.488,0.122,-3.784,-2.380
-0.811,-0.023,0.524,4.456,4.456,-1.160
-0.824,-0.037,0.634,4.089,5.676,-0.549
-0.807,-0.041,0.681,2.441,4.883,-0.244
-0.789,-0.052,0.710,-3.479,-1.282,-0.610
-0.809,-0.066,0.671,-7.019,-5.615,-1.221
-0.820,-0.062,0.612,-10.193,-11.108,-0.793
-0.804,-0.056,0.479,-7.080,-9.277,-0.122
-0.795,-0.043,0.476,6.226,3.906,1.160
-0.790,-0.032,0.628,10.559,9.583,1.526
-0.790,-0.026,0.695,7.690,7.141,1.404
-0.789,-0.097,0.698,0.977,0.549,1.221
-0.782,-0.115,0.631,-10.254,-9.827,-1.404
-0.772,-0.093,0.552,-10.010,-9.644,-2.075
-0.766,-0.081,0.550,-4.272,-6.531,-1.892
-0.780,-0.058,0.491,-1.892,-5.554,-1.709
-0.795,-0.068,0.458,1.221,0.244,-1.343
-0.802,-0.047,0.512,2.563,5.188,-1.282
-0.799,-0.032,0.593,3.357,9.583,-0.854
-0.790,-0.058,0.751,1.526,9.949,0.122
-0.798,-0.090,0.765,-1.038,4.639,-0.244
-0.811,-0.110,0.720,-5.920,-9.338,-2.991
-0.820,-0.055,0.546,-5.737,-12.390,-3.967
-0.815,-0.025,0.497,0.061,-5.371,-2.563
-0.798,-0.012,0.555,3.479,0.488,-1.465
-0.795,-0.022,0.610,5.859,5.310,-0.122
-0.811,-0.082,0.640,4.761,3.601,-0.183
-0.814,-0.073,0.592,4.395,-0.122,-1.709
-0.797,-0.017,0.532,6.409,2.075,-1.465
-0.790,-0.018,0.578,9.705,9.277,0.244

-2.000,-0.614,0.442,-33.081,-8.972,15.625
-2.255,-0.678,0.357,-50.720,-5.127,15.686
-2.278,-0.476,0.538,-39.307,1.831,20.325
-2.123,-0.464,0.702,-2.380,1.648,34.790
-1.722,-0.558,0.618,3.784,-7.202,35.767
-1.477,-0.517,0.447,-2.869,-13.367,24.780
-0.997,-0.274,0.196,-6.714,-5.615,18.494
-0.827,-0.169,0.177,-12.085,19.470,9.583
-0.638,-0.210,0.344,-16.663,27.466,4.639
-0.558,-0.238,0.398,-25.513,24.048,-13.672
-0.270,-0.135,0.299,-19.348,20.935,-22.217
-0.138,-0.103,0.213,-2.197,24.902,-28.442
-0.040,0.175,0.344,44.800,54.810,-37.170
-0.016,0.294,0.577,59.937,68.542,-35.400
0.014,0.243,0.811,50.293,60.547,-30.457
0.008,-0.030,0.951,25.330,36.804,-39.185
-0.039,-0.047,0.765,-37.048,-19.836,-62.378
-0.141,0.103,0.162,-54.321,-31.250,-65.308
-0.130,0.236,-0.010,-24.658,6.897,-57.190
-0.190,0.433,0.329,11.475,43.640,-50.049
-0.330,0.369,0.751,53.528,78.003,-31.311
-0.577,0.145,1.225,43.884,61.523,-23.132
-0.605,0.129,1.193,21.240,32.288,-17.334
-0.567,0.157,0.860,-16.357,-16.907,-7.141
-0.583,0.115,0.689,-21.240,-25.269,-2.808
-0.626,0.073,0.584,-14.526,-17.761,1.099
-0.673,0.040,0.640,-9.644,-11.902,2.197
-0.716,-0.028,0.665,-11.475,-14.893,4.150
-0.772,-0.162,0.507,-18.005,-19.775,2.747
-0.749,-0.121,0.423,-18.494,-12.878,-3.296
-0.751,0.021,0.508,-7.507,0.061,-4.211
-0.784,0.074,0.704,17.639,17.883,-0.610
-0.855,0.030,1.048,19.958,11.719,2.808
-0.858,-0.024,1.015,6.165,-23.743,3.845
-0.858,-0.052,0.583,-1.770,-38.269,1.526
-0.848,-0.013,0.344,-1.160,-32.471,-2.197
-0.828,0.109,0.272,9.888,-12.756,-1.953
-0.814,0.128,0.475,31.372,22.156,1.404
-0.810,-0.009,0.883,28.809,21.912,2.930
-0.830,-0.112,0.872,16.907,9.399,2.686
-0.829,-0.138,0.706,-8.057,-19.043,-3.479
-0.800,0.019,0.386,-9.766,-19.104,-5.432
-0.781,0.067,0.407,2.808,1.831,-1.831
-0.797,-0.017,0.627,7.935,9.338,-0.854
-0.819,-0.031,0.667,9.705,6.470,-2.441
-0.822,-0.046,0.597,8.118,2.014,-2.075
-0.806,-0.025,0.563,4.150,-1.282,-2.930
-0.791,0.049,0.617,2.686,-0.488,-3.296
-0.805,0.033,0.652,0.488,-1.953,-1.465
-0.810,0.012,0.589,0.793,-3.845,-0.854
-0.803,0.030,0.538,2.197,-4.211,-0.305
-0.820,0.040,0.538,4.456,-0.854,1.770
-0.825,0.021,0.549,2.808,-0.427,2.747
-0.818,-0.007,0.543,-2.869,-1.526,3.601
-0.784,-0.036,0.557,-2.930,-0.488,3.357
-0.770,-0.025,0.588,1.038,1.343,2.563
-0.788,-0.039,0.615,0.183,-0.732,2.258
-0.797,-0.025,0.550,-3.601,-5.798,1.587
-0.785,0.010,0.448,-2.197,-2.625,2.380
-0.777,-0.015,0.514,3.052,9.094,4.456
-0.798,-0.107,0.668,1.709,9.277,3.418
-0.802,-0.087,0.664,-2.563,2.686,-1.648
-0.788,0.023,0.648,-0.671,2.136,-2.380
-0.780,0.057,0.682,3.113,3.235,-1.465
-0.798,0.004,0.714,2.747,-0.183,1.648
-0.805,-0.043,0.669,-2.686,-5.920,2.014
-0.796,-0.056,0.584,-7.935,-13.245,0.061
-0.775,-0.021,0.427,-3.357,-9.766,-0.061
-0.782,0.002,0.443,10.864,6.165,2.197
-0.806,-0.003,0.624,11.230,10.376,2.991
-0.810,-0.012,0.705,-2.441,2.197,1.709
-0.808,-0.076,0.667,-8.545,-6.226,0.977
-0.805,-0.088,0.563,-8.789,-13.733,-2.014
-0.816,0.011,0.450,-5.005,-9.583,-3.235
-0.822,0.049,0.470,2.930,3.113,-0.854
-0.825,0.035,0.545,6.409,7.385,1.160
-0.817,0.009,0.602,4.456,8.423,3.479
-0.792,-0.045,0.670,-1.038,4.578,3.601
-0.781,-0.056,0.635,-5.615,-0.305,2.686
-0.779,-0.042,0.582,-5.981,-2.869,-0.549
-0.793,-0.027,0.554,-2.563,0.061,-0.549
-0.797,-0.059,0.572,5.249,4.944,0.244
-0.802,-0.038,0.608,5.737,4.822,-0.916
-0.801,0.014,0.629,-0.671,2.014,-1.709
-0.799,0.018,0.653,-3.601,0.183,-0.305
-0.795,-0.029,0.643,-5.249,-3.418,0.732
-0.804,-0.062,0.552,-3.357,-3.906,-0.366
-0.805,-0.039,0.522,6.226,2.136,-1.465
-0.802,0.014,0.602,9.033,5.676,-1.221
-0.802,0.027,0.648,4.272,4.456,-0.183
-0.801,-0.001,0.648,0.183,1.099,0.610
-0.799,-0.014,0.619,-2.808,-2.075,1.099
-0.795,-0.012,0.589,-5.432,-5.188,1.404
-0.781,-0.024,0.568,-5.432,-4.578,1.587
-0.777,-0.027,0.587,-2.014,-1.953,1.160
-0.779,-0.033,0.613,-0.366,-1.587,1.160
-0.788,-0.044,0.599,-1.221,-2.991,0.732
-0.807,-0.039,0.532,-2.258,-3.235,0.183
-0.807,-0.031,0.524,-1.953,0.610,-0.061
-0.799,-0.023,0.596,-1.221,3.174,-0.366
-0.793,-0.026,0.645,1.160,4.639,-1.099
-0.803,-0.048,0.688,2.686,3.479,-1.892
-0.814,-0.028,0.681,2.441,-2.441,-3.784
-0.825,0.047,0.591,0.183,-6.165,-3.235
-0.814,0.050,0.533,-5.493,-7.996,0.183
-0.787,0.003,0.465,-4.700,-4.395,1.343
-0.782,-0.014,0.504,0.427,1.770,1.953
-0.780,-0.028,0.589,9.155,9.583,2.197
-0.796,-0.044,0.687,6.714,6.470,1.282
-0.797,-0.035,0.640,-2.747,-4.456,-0.366
-0.783,-0.038,0.495,-4.517,-5.127,-0.305
-0.777,-0.046,0.503,-0.244,4.761,-0.305
-0.778,-0.059,0.689,4.028,9.399,-0.671
-0.783,-0.058,0.778,8.423,4.211,-2.075
-0.802,-0.016,0.704,5.798,-4.211,-2.808
-0.803,0.004,0.590,-5.127,-14.587,-2.502
-0.794,0.011,0.443,-8.362,-12.695,-1.831
-0.788,-0.002,0.460,-4.822,-0.793,-0.671
-0.793,-0.035,0.572,-0.183,3.357,-0.671

-1.965,-0.390,0.414,-41.870,-17.395,24.170
-2.125,-0.384,0.412,-30.151,-7.812,30.334
-2.194,-0.295,0.604,-20.508,-5.066,37.415
-2.063,-0.189,0.771,-16.357,-22.095,50.537
-1.652,0.096,0.702,-25.085,-42.358,52.979
-1.459,0.158,0.394,-55.359,-68.604,51.819
-1.156,0.087,-0.362,-64.819,-57.922,48.523
-0.983,0.060,-0.509,-39.124,16.663,33.752
-0.636,0.091,-0.167,-12.878,62.378,24.414
-0.535,0.085,0.193,22.156,116.211,13.672
-0.453,-0.190,0.887,24.841,113.098,12.939
-0.415,-0.441,0.984,17.944,91.614,11.169
-0.306,-0.674,0.906,-10.742,33.752,-7.751
-0.037,-0.734,0.583,-17.151,16.968,-26.428
0.026,-0.487,0.437,11.353,19.714,-60.669
0.003,0.005,0.298,36.621,34.058,-65.857
-0.039,0.120,0.356,66.040,57.800,-58.777
-0.056,0.275,0.530,61.768,55.664,-53.833
-0.056,0.284,0.579,29.419,29.541,-45.959
-0.155,-0.002,0.550,6.592,13.000,-44.373
-0.184,-0.075,0.448,-18.311,-1.038,-47.241
-0.214,0.147,0.396,-8.057,10.254,-45.044
-0.331,0.204,0.559,29.724,44.250,-22.095
-0.533,0.039,1.098,35.645,44.983,-9.460
-0.595,-0.038,1.166,26.611,27.954,-2.441
-0.636,-0.060,0.680,-6.409,-22.705,-4.089
-0.637,0.070,0.369,-11.719,-31.006,-9.644
-0.663,0.236,0.222,9.094,1.404,-8.423
-0.761,0.048,0.675,19.470,20.691,0.671
-0.791,-0.128,0.958,8.362,4.089,4.333
-0.930,-0.274,0.752,-7.263,-24.109,0.244
-0.961,-0.225,0.396,-15.259,-47.424,-7.263
-0.887,0.110,0.067,-0.671,-27.344,-10.010
-0.870,0.262,0.312,28.259,34.485,-10.071
-0.934,0.293,1.158,28.503,41.504,-5.005
-0.983,0.120,1.257,0.732,-13.306,5.737
-0.959,-0.019,0.542,-15.198,-44.250,5.005
-0.897,0.059,0.153,-9.216,-38.269,4.089
-0.822,0.087,0.139,10.376,-7.202,6.897
-0.814,0.041,0.468,28.503,22.461,8.850
-0.834,0.010,0.765,30.518,29.236,8.423
-0.863,-0.057,0.761,15.442,10.803,7.935
-0.844,-0.047,0.550,-12.329,-15.076,4.822
-0.804,0.063,0.324,-13.245,-10.681,4.639
-0.794,0.079,0.447,-2.930,8.545,10.071
-0.815,-0.077,0.723,-3.052,7.996,12.329
-0.827,-0.155,0.656,-8.789,-8.606,10.376
-0.783,-0.119,0.337,-5.249,-9.155,7.935
-0.761,-0.063,0.342,6.226,11.719,5.798
-0.773,-0.021,0.686,6.042,18.921,6.165
-0.788,-0.027,0.815,1.038,16.724,6.592
-0.806,-0.142,0.710,-17.273,-8.057,7.935
-0.792,-0.213,0.524,-24.414,-18.921,7.751
-0.772,-0.219,0.349,-11.841,-11.108,2.258
-0.753,-0.052,0.381,6.348,5.920,0.244
-0.754,0.011,0.590,24.780,27.771,2.808
-0.804,-0.069,0.907,16.418,21.240,4.517
-0.824,-0.147,0.844,-10.376,-9.338,2.136
-0.778,-0.119,0.555,-13.977,-16.235,-0.854
-0.756,-0.051,0.517,1.526,-7.080,-2.258
-0.776,-0.017,0.630,8.301,-2.075,-0.732
-0.818,-0.068,0.643,3.967,-7.324,1.038
-0.856,-0.121,0.426,0.122,-11.841,0.549
-0.835,-0.094,0.299,5.493,-2.014,-0.793
-0.794,0.030,0.406,11.536,11.719,-1.038
-0.806,0.063,0.636,13.977,25.757,1.770
-0.850,-0.042,0.939,6.042,15.808,4.150
-0.849,-0.132,0.848,-6.958,-2.747,4.822
-0.826,-0.145,0.640,-27.222,-29.846,-0.854
-0.778,-0.034,0.331,-24.475,-26.428,-2.319
-0.774,-0.020,0.357,3.174,0.854,1.099
-0.805,-0.077,0.644,13.916,9.460,2.563
-0.831,-0.108,0.689,7.019,-0.427,1.648
-0.822,-0.088,0.508,-4.639,-8.789,-0.061
-0.808,-0.056,0.427,-13.733,-6.897,-2.014
-0.799,-0.018,0.524,-9.033,0.793,-1.343
-0.808,-0.039,0.641,2.136,8.484,1.099
-0.815,-0.076,0.760,4.883,4.578,1.038
-0.809,-0.057,0.691,2.747,-10.254,-0.610
-0.807,-0.024,0.460,-2.136,-14.221,-0.610
-0.811,-0.031,0.400,-10.559,-8.362,0.427
-0.813,-0.028,0.469,-9.705,-1.160,1.038
-0.804,-0.037,0.564,-4.456,5.493,2.075
-0.801,-0.068,0.654,5.737,7.080,3.174
-0.824,-0.129,0.659,4.822,1.465,2.075
-0.830,-0.117,0.600,-0.183,-7.385,-1.160
-0.820,-0.046,0.533,-1.709,-8.118,-1.831
-0.812,-0.030,0.529,-8.362,-7.080,-1.709
-0.833,-0.054,0.506,-10.925,-6.287,-1.709
-0.848,-0.074,0.474,-7.141,-1.282,-1.892
-0.840,-0.049,0.486,-0.305,4.456,-2.319
-0.830,-0.001,0.564,13.123,13.916,-1.831
-0.826,0.046,0.735,13.733,12.451,-0.549
-0.837,0.029,0.739,-1.099,-3.845,1.282
-0.853,-0.032,0.544,-10.620,-12.146,1.648
-0.833,-0.039,0.438,-12.451,-10.925,2.319
-0.787,-0.045,0.458,-5.066,-2.502,3.113
-0.784,-0.063,0.559,7.629,8.362,3.418
-0.828,-0.093,0.643,7.446,5.981,2.502
-0.837,-0.081,0.591,4.089,1.099,1.282
-0.825,-0.048,0.531,-2.625,-2.258,0.122
-0.792,-0.013,0.533,-3.296,0.732,0.793
-0.785,-0.043,0.592,-0.671,5.188,2.075
-0.799,-0.112,0.642,1.404,3.540,1.587
-0.805,-0.121,0.602,4.395,-2.563,-0.183
-0.806,-0.070,0.496,4.761,-3.296,-1.038
-0.804,-0.035,0.488,1.221,0.916,-1.160
-0.803,-0.045,0.559,-0.671,3.357,-0.488
-0.805,-0.065,0.603,0.549,4.150,-0.427
-0.813,-0.085,0.626,2.380,1.831,-0.977
-0.823,-0.075,0.595,3.296,-4.395,-2.258
-0.832,-0.039,0.521,1.038,-5.859,-2.441
-0.830,-0.017,0.509,-1.709,-5.432,-2.441
-0.817,-0.026,0.583,-3.174,-0.732,-0.732
-0.818,-0.070,0.639,-2.380,0.183,0.061
-0.826,-0.101,0.639,-1.404,-6.531,-1.831
-0.857,-0.042,0.455,-1.404,-9.338,-3.174
-0.855,0.005,0.400,1.526,-0.793,-1.831
-0.827,0.012,0.508,4.395,7.324,-0.366

-2.030,-0.330,0.610,-17.395,-3.052,25.146
-2.021,-0.261,0.584,-17.334,-21.667,33.142
-1.766,-0.209,0.479,-19.287,-30.579,37.903
-1.610,-0.233,0.372,-37.720,-40.527,34.973
-1.315,-0.179,0.104,-46.143,-35.583,27.405
-1.224,-0.116,0.029,-34.302,-1.221,16.357
-1.102,-0.070,0.133,-13.794,21.667,18.066
-1.000,-0.155,0.328,20.203,46.448,23.682
-0.675,-0.341,0.549,20.996,40.649,16.235
-0.514,-0.309,0.465,3.418,19.714,-20.142
-0.361,-0.248,0.197,-4.272,19.226,-37.537
-0.342,-0.153,0.160,-4.211,27.222,-51.758
-0.282,0.338,0.350,29.541,49.988,-61.462
-0.250,0.433,0.430,58.594,55.481,-51.086
-0.214,0.390,0.445,100.159,55.420,-25.940
-0.185,0.122,0.386,98.083,53.162,-20.386
-0.118,-0.015,0.403,52.002,42.603,-26.733
-0.039,-0.175,0.419,21.912,34.058,-42.053
-0.106,-0.012,0.365,-8.179,21.301,-78.247
-0.313,0.507,0.135,-4.883,22.400,-80.811
-0.423,0.700,0.075,26.062,49.377,-46.265
-0.495,0.454,0.317,42.419,70.435,-17.395
-0.469,0.123,0.603,49.194,91.919,17.029
-0.447,-0.125,1.073,39.917,82.581,17.517
-0.501,-0.179,1.137,24.231,61.584,15.991
-0.557,-0.237,1.071,-6.470,10.254,10.742
-0.617,-0.260,0.756,-12.146,-5.981,3.662
-0.670,-0.276,0.646,-15.259,-13.794,-10.620
-0.737,-0.189,0.573,-18.616,-11.292,-13.550
-0.756,-0.104,0.672,-16.174,-4.211,-10.864
-0.854,-0.002,0.832,-7.568,-7.324,-7.874
-0.892,0.026,0.781,5.371,-19.348,-3.540
-0.887,0.152,0.714,7.507,-20.691,-3.967
-0.898,0.219,0.767,5.127,-24.231,-4.028
-0.929,0.157,0.770,-1.160,-33.630,0.488
-0.900,0.066,0.630,-14.587,-50.171,6.104
-0.864,0.117,0.325,-13.367,-45.593,3.601
-0.878,0.210,0.295,4.700,-17.090,6.042
-0.894,0.177,0.483,11.902,-5.676,11.963
-0.894,0.070,0.576,11.414,-2.136,15.686
-0.903,-0.060,0.598,-12.634,-13.428,11.719
-0.886,-0.099,0.410,-22.095,-18.677,4.822
-0.874,0.054,0.329,-7.568,-6.287,-3.662
-0.872,0.193,0.482,7.446,4.944,0.916
-0.877,0.077,0.612,12.878,6.042,10.010
-0.849,-0.042,0.563,3.357,-3.601,7.935
-0.837,0.006,0.430,-10.559,-11.536,3.601
-0.829,0.067,0.365,-10.986,-4.639,5.493
-0.827,0.012,0.467,-8.667,11.169,10.071
-0.812,-0.097,0.678,-8.118,11.902,8.728
-0.799,-0.093,0.707,-8.362,7.324,5.981
-0.794,-0.063,0.570,-6.531,-6.775,1.953
-0.808,-0.039,0.445,-1.404,-9.094,0.916
-0.825,-0.008,0.369,13.855,5.005,0.793
-0.821,0.020,0.528,17.517,14.771,1.953
-0.808,0.006,0.680,7.385,13.428,3.052
-0.815,-0.094,0.738,-1.343,1.526,1.953
-0.828,-0.116,0.602,-8.057,-17.700,-4.211
-0.839,0.010,0.410,-3.540,-15.320,-6.836
-0.842,0.089,0.464,10.315,-0.122,-3.174
-0.830,0.048,0.648,10.376,0.793,1.953
-0.824,-0.056,0.642,-9.094,-16.052,5.066
-0.820,-0.103,0.358,-17.822,-23.926,1.526
-0.821,-0.052,0.223,-12.207,-13.550,-4.639
-0.850,0.092,0.271,0.732,2.441,-4.761
-0.864,0.109,0.462,13.062,17.334,-2.197
-0.858,-0.045,0.734,11.169,16.968,4.517
-0.844,-0.084,0.667,-1.953,2.869,3.418
-0.841,-0.048,0.516,-19.348,-14.465,-3.052
-0.866,0.047,0.398,-16.724,-9.766,-3.357
-0.872,0.070,0.484,-0.549,5.432,0.122
-0.874,0.060,0.677,3.845,6.165,2.197
-0.868,0.023,0.674,-2.441,-6.653,3.967
-0.846,0.009,0.495,-7.019,-12.268,3.479
-0.839,0.010,0.425,-10.620,-9.949,2.991
-0.847,0.005,0.457,-9.705,-4.822,2.747
-0.846,0.012,0.514,-2.563,1.709,2.930
-0.841,-0.014,0.585,-0.061,1.343,3.296
-0.842,-0.036,0.571,-4.150,-5.066,1.587
-0.853,-0.009,0.499,-6.775,-7.080,-0.061
-0.851,0.016,0.495,-7.690,-6.836,-0.916
-0.851,0.050,0.488,-3.906,-2.502,-0.366
-0.855,0.047,0.501,0.122,1.038,0.793
-0.860,0.018,0.538,4.211,5.493,3.174
-0.848,-0.023,0.628,3.296,3.357,2.808
-0.839,-0.034,0.609,-2.197,-8.423,0.732
-0.838,-0.020,0.449,-5.188,-12.390,-0.671
-0.843,0.019,0.395,-5.798,-7.446,-1.831
-0.853,0.031,0.461,-3.601,-1.831,-0.305
-0.854,-0.023,0.520,-1.465,0.793,1.526
-0.858,-0.050,0.506,-0.916,-1.038,0.000
-0.857,-0.017,0.492,5.188,0.427,-2.502
-0.857,0.053,0.536,8.240,2.258,-2.808
-0.860,0.067,0.571,2.441,-0.488,-1.587
-0.860,0.008,0.552,-4.700,-5.676,-0.854
-0.859,-0.015,0.477,-11.108,-10.986,-0.916
-0.851,0.017,0.329,-15.137,-11.169,-2.502
-0.854,0.042,0.336,-9.338,-3.296,-2.686
-0.856,0.073,0.435,12.573,15.686,-0.427
-0.847,0.045,0.718,15.869,15.625,1.831
-0.845,-0.008,0.736,-4.089,-7.935,2.014
-0.849,-0.015,0.467,-15.015,-18.860,0.183
-0.846,0.003,0.372,-20.203,-16.968,-0.122
-0.829,-0.043,0.429,-17.395,-9.766,0.244
-0.828,-0.054,0.493,-5.127,-1.038,-2.380
-0.836,-0.036,0.506,0.671,-1.099,-3.723
-0.845,-0.006,0.450,3.845,-1.648,-5.676
-0.874,0.071,0.423,2.319,1.282,-5.859
-0.886,0.093,0.493,-1.587,6.348,-3.601
-0.885,0.087,0.630,-2.747,4.211,-1.526
-0.877,0.052,0.615,-4.700,-1.160,0.305
-0.880,-0.002,0.462,-10.071,-10.864,0.366
-0.884,0.006,0.393,-8.789,-9.766,-0.977
-0.883,0.036,0.375,6.287,5.005,-2.014
-0.869,0.088,0.529,13.062,12.146,-1.282
-0.868,0.093,0.626,9.399,8.972,1.038
-0.876,0.053,0.646,0.244,-0.916,2.014
-0.875,0.029,0.541,-13.611,-16.785,1.831
-0.861,0.015,0.368,-13.428,-15.564,1.404

-1.753,-0.203,0.348,-4.333,-63.049,50.232
-1.541,-0.212,-0.024,-13.855,-71.167,43.335
-1.101,-0.090,-0.501,-12.634,-48.157,34.241
-0.965,-0.049,-0.439,-10.315,25.452,15.991
-0.815,0.001,0.116,-6.104,55.664,9.705
-0.692,0.064,0.411,23.376,75.012,4.150
-0.339,-0.004,0.717,41.565,66.895,2.014
-0.208,-0.081,0.701,55.298,37.537,-18.555
0.016,0.074,0.584,51.514,25.330,-34.363
0.076,0.208,0.567,26.062,10.498,-55.359
0.057,0.456,0.636,10.559,2.869,-53.528
0.065,0.337,0.576,-2.502,-8.484,-40.527
0.084,-0.051,0.296,-12.268,-19.836,-16.357
-0.010,-0.307,-0.593,11.658,5.554,-26.123
-0.099,-0.062,-0.668,118.286,122.803,-41.565
-0.266,0.238,0.310,158.142,172.852,-33.386
-0.353,0.208,0.864,129.639,169.189,-13.245
-0.480,-0.083,1.259,74.829,123.657,-8.728
-0.470,-0.170,1.103,-15.320,25.208,-5.981
-0.420,-0.180,0.668,-32.410,-1.770,-2.136
-0.430,-0.273,0.566,-33.447,-9.521,7.507
-0.494,-0.557,0.621,-25.208,-3.479,2.930
-0.575,-0.533,0.666,-2.808,-0.610,-23.804
-0.803,-0.219,0.620,2.136,-3.235,-33.936
-0.896,-0.017,0.586,1.038,-3.662,-38.452
-0.944,0.406,0.774,2.869,7.507,-33.936
-0.927,0.406,0.985,3.784,9.460,-22.949
-0.926,0.241,1.108,-16.418,-21.790,0.366
-0.977,-0.068,0.713,-26.184,-43.518,2.441
-0.999,0.029,0.445,-10.559,-42.725,-9.644
-1.016,0.332,0.455,4.700,-27.222,-9.155
-0.997,0.313,0.635,5.798,-19.653,5.310
-0.977,0.042,0.670,-10.681,-33.936,8.545
-0.981,0.045,0.467,-31.250,-51.941,1.343
-0.973,0.277,0.130,-23.437,-41.199,1.099
-0.948,0.282,0.181,3.174,-0.183,13.489
-0.866,0.018,0.557,6.714,9.766,18.616
-0.833,-0.122,0.609,2.258,7.080,19.226
-0.844,-0.174,0.431,-10.010,-7.202,8.118
-0.867,-0.054,0.329,-8.728,-6.226,1.648
-0.884,0.102,0.331,7.507,12.573,-0.122
-0.866,0.158,0.644,8.850,17.090,5.066
-0.850,0.018,0.715,-17.456,-3.052,10.803
-0.833,-0.050,0.463,-30.579,-13.123,6.714
-0.833,0.030,0.357,-21.912,-1.221,2.686
-0.823,0.044,0.497,-5.554,11.841,5.737
-0.821,-0.050,0.631,10.864,15.808,9.705
-0.811,-0.122,0.645,6.531,5.981,6.470
-0.806,-0.050,0.528,-4.272,-7.080,-0.671
-0.826,0.078,0.447,-2.991,-3.784,-0.183
-0.835,0.092,0.515,3.174,3.113,5.249
-0.819,0.010,0.649,-0.854,-0.854,7.507
-0.808,-0.097,0.609,-9.827,-9.338,8.545
-0.787,-0.149,0.391,-19.531,-20.203,2.991
-0.797,-0.100,0.336,-13.611,-15.503,-0.854
-0.821,-0.034,0.335,10.864,5.371,-3.601
-0.866,0.121,0.516,19.775,14.160,-2.563
-0.869,0.130,0.652,10.132,11.658,4.211
-0.833,-0.013,0.764,-4.761,-0.244,6.042
-0.817,-0.056,0.668,-25.085,-25.269,2.625
-0.821,-0.050,0.368,-23.987,-28.076,0.488
-0.842,-0.033,0.289,-5.615,-11.353,-1.892
-0.876,0.005,0.394,4.456,0.793,-2.197
-0.874,0.008,0.528,9.399,9.338,-1.526
-0.867,0.009,0.666,3.540,2.930,-2.075
-0.877,0.034,0.636,-13.428,-16.418,-4.578
-0.908,0.103,0.496,-18.982,-22.278,-4.517
-0.905,0.111,0.444,-18.372,-20.691,-0.183
-0.862,0.016,0.429,-13.245,-16.479,2.075
-0.849,-0.031,0.402,-7.263,-12.512,2.563
-0.878,0.005,0.335,3.723,-1.953,-0.427
-0.900,0.062,0.366,8.179,5.920,-1.648
-0.914,0.103,0.459,9.277,16.724,-0.366
-0.900,0.073,0.663,5.066,13.916,1.526
-0.873,0.022,0.657,-5.310,-3.906,2.930
-0.844,-0.005,0.431,-6.958,-9.460,1.892
-0.845,0.013,0.350,1.038,-1.099,1.343
-0.845,-0.020,0.457,5.676,6.165,1.831
-0.848,-0.039,0.525,6.287,6.714,0.122
-0.861,0.044,0.496,3.601,2.075,-1.160
-0.859,0.077,0.452,-5.554,-3.296,0.488
-0.853,0.013,0.462,-10.132,-2.808,2.014
-0.850,-0.026,0.499,-12.390,-1.465,2.563
-0.837,-0.075,0.535,-6.287,-0.122,1.892
-0.838,-0.061,0.499,0.183,0.061,0.549
-0.845,-0.002,0.474,7.263,3.662,-2.930
-0.867,0.071,0.532,4.517,5.066,-2.563
-0.873,0.046,0.573,-5.798,1.282,-0.671
-0.871,0.004,0.556,-7.202,-1.892,-0.916
-0.870,0.018,0.523,1.892,-2.808,-1.160
-0.865,0.027,0.544,6.836,-2.319,-0.427
-0.863,0.020,0.540,3.540,-8.484,-0.610
-0.860,0.039,0.433,-2.441,-11.963,-1.221
-0.862,0.037,0.385,-10.437,-9.888,-0.366
-0.870,0.024,0.413,-9.705,-4.822,0.244
-0.874,0.021,0.464,-0.610,2.625,1.038
-0.875,0.016,0.541,3.052,2.075,1.099
-0.870,0.004,0.529,3.540,-1.343,1.038
-0.862,-0.015,0.480,-0.732,-7.690,-0.488
-0.866,-0.004,0.361,-1.160,-6.348,-1.953
-0.875,0.036,0.356,3.845,5.249,-2.502
-0.879,0.072,0.483,5.554,10.315,-1.160
-0.875,0.063,0.561,-0.061,8.118,0.671
-0.864,0.032,0.623,-5.371,1.892,0.793
-0.862,-0.001,0.584,-8.850,-9.155,0.610
-0.868,-0.022,0.465,-5.310,-9.949,0.122
-0.870,-0.003,0.425,6.104,-3.113,-0.732
-0.877,0.040,0.403,9.277,1.465,-0.916
-0.889,0.070,0.430,6.775,7.690,-1.099
-0.895,0.088,0.553,2.441,7.507,0.122
-0.886,0.070,0.585,-2.136,4.395,1.770
-0.876,0.054,0.594,-6.287,-4.517,3.784
-0.854,-0.019,0.582,-6.165,-8.911,4.578
-0.838,-0.078,0.531,-6.958,-16.968,2.686
-0.828,-0.079,0.331,-6.226,-16.907,-0.793
-0.843,-0.004,0.268,5.920,-0.671,-5.432
-0.868,0.080,0.457,10.986,8.850,-4.211
-0.876,0.046,0.594,0.305,5.249,-1.465
-0.893,0.004,0.566,-8.057,-4.761,-1.953

-2.157,-0.212,0.480,-21.423,9.888,17.151
-2.130,-0.200,0.318,-17.395,-4.028,20.325
-1.954,0.201,-0.138,3.601,5.310,20.508
-1.862,0.425,-0.217,65.613,54.382,29.358
-1.617,0.559,-0.047,83.313,77.454,36.499
-1.400,0.540,0.213,54.810,87.402,40.100
-0.924,0.504,0.555,14.954,67.322,36.926
-0.666,0.488,0.483,-55.725,10.498,33.691
-0.119,0.192,0.131,-71.350,-5.615,35.217
0.112,-0.093,0.052,-71.716,-5.920,33.752
0.421,-0.576,0.200,-36.438,27.161,11.841
0.490,-0.734,0.364,-14.038,47.363,-4.944
0.511,-0.693,0.535,24.597,67.749,-50.293
0.283,0.071,0.730,37.781,63.599,-66.345
0.122,0.403,0.541,46.631,45.776,-50.842
-0.044,0.489,0.023,50.293,57.617,-31.555
-0.074,0.219,0.113,63.965,119.751,2.258
-0.024,-0.580,0.896,66.406,140.198,5.676
-0.053,-0.816,1.329,42.053,114.868,-28.320
-0.248,-0.330,1.870,20.386,66.589,-52.429
-0.412,0.091,1.714,-28.687,-61.768,-53.345
-0.607,0.147,0.852,-45.593,-106.750,-32.227
-0.634,-0.001,0.495,-52.551,-124.451,-14.771
-0.731,0.073,0.297,-31.799,-99.060,-5.615
-0.790,0.163,0.356,-11.597,-79.163,-3.540
-0.838,0.126,0.429,4.333,-62.317,7.141
-0.890,-0.141,0.234,-1.038,-61.157,5.920
-0.962,-0.061,0.041,4.578,-26.611,-19.836
-1.065,0.497,0.249,18.372,5.798,-27.222
-1.065,0.637,0.657,25.696,32.593,-7.263
-1.051,0.276,1.093,9.583,10.803,7.385
-1.048,-0.025,0.906,-32.715,-52.002,9.705
-1.062,0.000,0.136,-32.715,-58.716,-1.404
-1.056,0.262,0.003,22.217,-6.226,-8.850
-0.973,0.451,0.514,45.593,18.860,-0.366
-0.944,0.327,0.734,19.287,3.174,15.076
-0.928,-0.015,0.503,-14.526,-20.752,16.052
-0.926,-0.047,0.237,-37.720,-33.875,12.085
-0.906,0.036,0.086,-22.949,-7.812,3.967
-0.854,0.197,0.354,3.235,16.113,6.287
-0.815,0.133,0.644,27.710,26.855,17.029
-0.754,-0.197,0.789,13.855,8.179,17.395
-0.755,-0.251,0.568,-17.883,-25.574,3.601
-0.817,-0.057,0.108,-14.099,-20.142,-2.930
-0.832,0.091,0.133,18.982,23.743,-4.639
-0.798,0.124,0.680,25.452,37.781,-0.854
-0.793,0.019,0.893,-1.770,14.771,1.892
-0.819,-0.059,0.759,-19.165,-8.911,-0.916
-0.843,-0.018,0.518,-27.954,-25.452,-3.906
-0.880,0.104,0.240,-10.864,-18.005,-4.944
-0.868,0.169,0.314,6.775,-1.709,-3.174
-0.837,0.158,0.492,18.616,15.198,3.174
-0.831,-0.052,0.665,9.399,7.019,4.089
-0.846,-0.094,0.519,-5.371,-13.855,-2.808
-0.896,0.097,0.183,-1.038,-9.827,-6.226
-0.900,0.217,0.214,15.747,20.081,-1.709
-0.878,0.173,0.682,14.893,27.954,4.272
-0.860,0.049,0.869,-12.329,1.709,9.827
-0.842,-0.116,0.666,-25.635,-20.386,6.836
-0.843,-0.083,0.421,-20.386,-32.837,-2.930
-0.866,0.087,0.185,-4.395,-19.958,-5.005
-0.871,0.144,0.269,16.174,10.620,-1.038
-0.830,0.017,0.561,9.766,14.404,2.136
-0.820,-0.058,0.613,-2.258,9.949,2.075
-0.827,-0.045,0.583,-10.925,-2.441,-5.249
-0.874,0.045,0.465,-4.517,-2.991,-6.226
-0.900,0.059,0.443,10.559,4.089,-5.676
-0.904,0.174,0.453,13.367,8.362,-5.798
-0.887,0.194,0.508,10.742,12.573,-0.732
-0.859,0.114,0.646,4.761,8.057,1.831
-0.856,0.060,0.617,-13.550,-11.597,2.747
-0.867,-0.013,0.391,-18.066,-17.456,1.465
-0.859,0.007,0.301,-7.568,-7.446,-1.282
-0.844,0.072,0.372,2.563,4.211,-1.282
-0.843,0.088,0.511,10.559,14.221,0.488
-0.868,0.069,0.648,3.601,6.653,1.282
-0.879,0.060,0.566,-6.226,-4.761,1.587
-0.872,0.053,0.466,-15.808,-14.587,1.709
-0.832,-0.003,0.440,-15.442,-11.780,1.465
-0.829,-0.020,0.465,-6.165,-4.822,-1.282
-0.851,-0.002,0.452,1.648,-2.319,-2.502
-0.863,0.020,0.426,9.033,2.869,-4.150
-0.884,0.146,0.415,7.385,6.714,-4.822
-0.887,0.175,0.490,0.427,12.207,-0.916
-0.878,0.081,0.644,-3.723,8.667,2.014
-0.876,0.013,0.622,-10.315,-6.775,2.563
-0.881,0.035,0.447,-8.240,-10.803,0.000
-0.876,0.104,0.400,2.319,-5.066,-1.099
-0.847,0.080,0.499,2.319,-1.587,1.038
-0.835,0.012,0.537,-1.831,-2.197,2.258
-0.831,-0.028,0.496,-7.751,-9.644,-0.793
-0.849,0.042,0.325,-5.005,-8.423,-3.113
-0.863,0.110,0.322,5.859,6.409,-2.930
-0.861,0.102,0.540,7.019,12.085,-0.732
-0.856,0.040,0.644,-1.709,5.371,0.427
-0.857,-0.032,0.590,-5.615,-2.991,-1.282
-0.868,-0.014,0.474,-1.404,-7.996,-5.798
-0.902,0.128,0.363,5.371,-2.014,-7.080
-0.910,0.197,0.438,10.071,10.498,-4.333
-0.912,0.182,0.644,3.540,8.301,-1.099
-0.912,0.133,0.643,-5.432,-0.061,1.587
-0.890,0.057,0.472,-13.977,-16.235,3.662
-0.867,0.040,0.399,-11.353,-16.968,3.601
-0.851,0.030,0.363,0.610,-6.104,2.319
-0.845,0.027,0.397,5.859,0.610,1.160
-0.854,0.042,0.425,7.751,5.676,-0.671
-0.870,0.094,0.416,4.761,5.066,-0.732
-0.864,0.093,0.436,-3.540,4.944,0.854
-0.855,0.070,0.521,-4.700,4.822,1.221
-0.851,0.063,0.555,-1.465,1.892,2.197
-0.845,0.012,0.529,-1.587,-1.160,2.197
-0.846,0.019,0.477,-3.479,-4.761,-0.244
-0.848,0.055,0.418,-3.540,-3.540,-0.732
-0.847,0.055,0.434,-3.784,-1.221,-0.671
-0.855,0.046,0.475,-3.540,2.441,-0.854
-0.857,0.070,0.484,-1.160,3.479,-1.648
-0.856,0.094,0.508,2.502,4.333,-1.404
-0.857,0.039,0.555,0.854,1.831,-0.549
-0.859,0.006,0.509,-3.967,-4.578,-2.747

-2.006,-0.441,0.248,-23.987,-4.822,39.612
-2.032,-0.437,0.221,-14.221,-1.099,35.767
-1.998,-0.262,0.188,-9.460,-0.732,34.668
-1.940,-0.217,0.181,-21.606,-7.507,36.743
-1.637,-0.214,0.039,-38.513,-12.207,35.461
-1.473,-0.214,-0.119,-45.654,3.479,26.062
-1.102,-0.182,-0.282,-26.367,28.320,19.836
-0.857,-0.068,-0.206,28.198,90.637,2.380
-0.449,0.283,0.291,44.739,114.380,-4.700
-0.338,0.312,0.651,44.800,123.779,-6.531
-0.197,0.137,1.158,3.052,85.144,-6.470
-0.141,0.001,1.108,-23.376,44.495,-10.437
-0.086,-0.042,0.852,-38.574,-20.935,-31.189
-0.040,0.177,0.270,-22.217,-26.733,-40.771
-0.080,0.199,0.179,18.066,-2.991,-41.138
-0.144,-0.023,0.296,24.902,6.226,-39.978
-0.168,-0.060,0.263,20.691,11.963,-49.500
-0.237,0.355,0.065,31.555,25.208,-55.420
-0.305,0.653,0.095,66.223,79.895,-37.964
-0.355,0.699,0.627,70.740,104.004,-13.000
-0.350,0.400,1.049,42.297,96.802,26.306
-0.372,-0.355,1.436,13.916,58.105,28.748
-0.378,-0.481,1.219,-14.954,9.277,19.287
-0.376,-0.421,0.855,-34.668,-52.185,-5.981
-0.422,-0.149,0.358,-18.494,-52.795,-11.353
-0.506,-0.082,0.290,17.578,-30.212,-7.751
-0.672,-0.160,0.257,19.775,-18.555,-6.042
-0.710,-0.138,0.315,9.094,6.287,-16.663
-0.761,-0.040,0.706,7.019,15.137,-21.606
-0.807,-0.073,0.862,9.277,1.709,-25.940
-0.918,0.027,0.703,10.010,-14.954,-31.494
-0.954,0.266,0.492,17.273,-28.503,-38.818
-1.010,0.540,0.351,19.165,-21.729,-32.410
-1.015,0.448,0.428,4.395,-9.033,-10.620
-0.954,0.050,0.559,-5.798,-11.047,-4.944
-0.925,-0.004,0.472,-8.728,-15.320,-6.348
-0.921,0.228,0.346,14.771,-7.263,-16.479
-0.949,0.316,0.380,26.855,1.892,-15.930
-0.979,0.319,0.439,21.240,8.362,-6.226
-0.993,0.216,0.555,8.667,4.944,-2.930
-0.975,0.206,0.545,-5.981,-5.615,-0.671
-0.946,0.195,0.510,-4.028,-7.080,1.465
-0.931,0.164,0.523,4.028,-7.324,3.601
-0.906,0.214,0.455,4.089,-8.728,2.808
-0.894,0.249,0.399,-2.930,-7.996,6.470
-0.848,0.092,0.403,-8.057,-5.493,10.132
-0.833,-0.027,0.430,-12.756,-3.845,11.475
-0.837,-0.061,0.373,-9.033,-2.319,5.859
-0.848,0.005,0.336,1.160,1.953,2.441
-0.856,0.093,0.335,18.433,18.311,-1.099
-0.866,0.238,0.529,18.066,24.780,-0.732
-0.866,0.232,0.665,-0.366,17.273,4.272
-0.862,0.056,0.687,-11.536,4.761,6.104
-0.857,0.010,0.577,-17.578,-11.536,3.418
-0.850,0.069,0.419,-9.216,-9.155,1.770
-0.850,0.114,0.427,12.268,2.991,2.075
-0.826,0.117,0.570,11.353,4.150,3.418
-0.821,0.043,0.601,0.610,-0.488,4.578
-0.830,-0.002,0.555,-18.677,-13.550,1.282
-0.849,0.096,0.397,-16.418,-13.306,-0.916
-0.859,0.149,0.381,3.296,-0.488,0.671
-0.853,0.108,0.516,10.376,3.906,2.380
-0.852,0.081,0.550,7.812,-1.282,1.465
-0.858,0.106,0.473,2.747,-5.188,0.732
-0.863,0.116,0.434,-3.601,-4.089,1.404
-0.868,0.144,0.439,-3.906,-1.221,2.136
-0.859,0.125,0.469,-6.042,0.061,4.578
-0.837,0.041,0.446,-7.690,-1.282,4.517
-0.833,0.030,0.422,-5.005,1.465,2.075
-0.838,0.021,0.475,-1.953,4.517,1.587
-0.848,0.016,0.508,0.183,5.920,0.793
-0.864,0.048,0.513,3.601,3.906,-2.991
-0.881,0.174,0.496,4.395,2.869,-3.357
-0.882,0.191,0.513,-2.747,0.366,1.160
-0.866,0.096,0.549,-9.460,-2.563,3.235
-0.857,0.052,0.522,-13.367,-7.507,2.869
-0.842,0.070,0.428,-8.423,-6.226,1.831
-0.845,0.076,0.425,3.052,2.258,0.793
-0.865,0.088,0.496,5.127,4.578,0.244
-0.870,0.094,0.512,2.014,2.563,0.183
-0.862,0.104,0.521,-0.916,1.282,0.244
-0.846,0.090,0.553,-3.357,0.427,0.610
-0.835,0.060,0.580,-4.761,-4.395,0.305
-0.845,0.059,0.526,-4.578,-8.240,-1.160
-0.862,0.086,0.442,-4.089,-10.559,-3.235
-0.893,0.168,0.335,-1.648,-5.798,-3.113
-0.883,0.190,0.379,3.784,8.240,0.732
-0.859,0.115,0.583,2.991,10.498,2.686
-0.859,0.069,0.619,-2.808,-0.610,2.380
-0.867,0.043,0.450,-4.578,-6.836,0.854
-0.871,0.075,0.352,0.000,-2.075,-1.831
-0.874,0.152,0.422,3.784,6.348,-1.343
-0.869,0.139,0.563,4.761,12.146,0.366
-0.862,0.098,0.667,-3.113,3.418,2.319
-0.856,0.072,0.581,-6.592,-6.042,1.526
-0.856,0.084,0.456,-3.906,-11.963,0.183
-0.856,0.145,0.347,0.793,-5.920,-0.122
-0.849,0.135,0.411,5.615,8.484,2.136
-0.833,0.044,0.589,4.395,9.216,2.625
-0.834,0.032,0.590,-0.977,-1.160,0.061
-0.859,0.075,0.443,-2.563,-4.883,-1.282
-0.872,0.118,0.393,2.075,0.183,-1.953
-0.884,0.165,0.478,5.493,4.883,-0.671
-0.882,0.156,0.569,5.676,6.226,1.099
-0.875,0.125,0.639,-8.179,-7.019,3.662
-0.859,0.050,0.540,-18.127,-17.761,3.418
-0.854,0.058,0.391,-20.508,-22.278,0.977
-0.848,0.100,0.269,-10.864,-12.085,1.160
-0.849,0.072,0.366,8.667,10.315,2.075
-0.851,0.069,0.575,10.803,11.841,0.854
-0.861,0.084,0.567,3.357,0.488,-0.610
-0.871,0.121,0.452,-1.648,-3.906,-1.038
-0.867,0.135,0.430,-8.484,-3.540,-0.366
-0.863,0.095,0.493,-7.874,-1.709,0.793
-0.861,0.059,0.514,-2.686,-2.930,1.282
-0.858,0.058,0.439,-0.671,-4.272,-0.122
-0.857,0.097,0.402,0.793,-3.418,-1.587
-0.857,0.129,0.410,1.892,3.845,-1.465
-0.864,0.110,0.499,1.282,5.798,-0.549

-2.368,-0.837,0.331,-45.898,19.714,18.921
-2.375,-0.722,0.482,10.071,26.733,3.967
-2.206,-0.273,0.558,29.968,17.639,1.160
-2.034,-0.217,0.443,-1.770,-15.015,4.822
-1.534,-0.179,0.044,-35.950,-26.123,1.038
-1.229,-0.102,-0.155,-70.618,-14.648,-15.076
-0.574,0.051,-0.373,-58.105,10.925,-25.024
-0.333,0.140,-0.313,7.935,86.060,-51.025
-0.126,0.454,0.209,42.175,119.202,-60.730
-0.101,0.564,0.604,59.448,136.047,-61.890
-0.170,0.366,1.035,33.447,102.966,-43.091
-0.190,0.184,0.980,9.460,66.589,-34.729
-0.178,0.062,0.825,-15.076,9.766,-32.288
-0.125,-0.029,0.455,-7.874,-0.793,-35.461
-0.141,0.034,0.350,32.593,7.935,-50.964
-0.222,0.699,0.308,54.138,17.883,-59.021
-0.351,1.021,0.306,74.097,37.048,-49.927
-0.544,1.038,0.554,57.922,40.771,-28.564
-0.567,0.637,0.689,-21.057,20.386,23.193
-0.517,-0.027,0.739,-43.884,6.714,33.020
-0.478,-0.062,0.696,-21.790,-6.409,28.809
-0.452,0.155,0.534,3.296,-5.371,27.771
-0.452,0.157,0.516,20.020,-2.441,31.006
-0.452,0.056,0.555,3.113,-4.822,36.499
-0.486,-0.393,0.646,-24.353,-12.390,33.875
-0.515,-0.625,0.584,-54.749,-23.743,7.874
-0.638,-0.407,0.316,-34.973,-15.320,-13.550
-0.717,-0.050,0.316,48.401,28.198,-33.386
-0.845,0.437,0.737,74.585,43.091,-27.832
-0.871,0.492,0.991,41.931,20.874,-7.080
-0.904,0.166,1.051,0.061,-12.268,0.366
-0.903,0.002,0.785,-47.913,-64.331,-2.869
-0.910,0.010,0.153,-37.231,-62.439,-9.644
-0.927,0.194,0.028,28.259,-8.179,-17.517
-0.931,0.500,0.429,53.711,19.409,-13.062
-0.937,0.426,0.739,56.091,29.053,-4.944
-0.943,0.230,0.894,-0.916,-9.888,3.662
-0.923,0.022,0.493,-28.748,-33.508,-0.610
-0.904,0.109,0.245,-19.531,-24.536,-9.216
-0.885,0.283,0.283,8.606,-0.183,-6.348
-0.880,0.262,0.513,40.710,24.109,2.930
-0.848,0.160,0.712,29.846,13.062,4.333
-0.817,0.103,0.581,-8.545,-15.869,3.052
-0.802,0.058,0.265,-14.465,-15.625,1.770
-0.807,0.067,0.247,3.540,10.132,0.977
-0.820,0.111,0.540,13.794,21.545,0.671
-0.825,0.115,0.687,17.944,23.376,0.610
-0.846,0.057,0.633,6.409,2.258,0.854
-0.851,0.058,0.507,-1.404,-7.812,-0.488
-0.853,0.098,0.403,-0.793,-6.653,-2.930
-0.854,0.219,0.458,5.371,0.366,-2.258
-0.853,0.240,0.562,4.639,0.916,3.052
-0.862,0.111,0.608,-5.554,-7.935,5.310
-0.864,0.053,0.508,-22.766,-23.560,2.991
-0.860,0.080,0.292,-20.752,-21.484,0.793
-0.866,0.148,0.254,1.465,1.587,0.671
-0.870,0.229,0.434,11.414,13.916,3.052
-0.860,0.205,0.580,9.033,16.113,8.179
-0.835,0.052,0.652,-1.282,6.287,8.667
-0.836,0.013,0.544,-10.498,-3.845,6.775
-0.845,0.010,0.406,-7.019,-2.686,0.732
-0.865,0.163,0.394,5.188,9.460,-1.465
-0.867,0.249,0.565,20.142,23.437,1.892
-0.849,0.223,0.819,12.939,14.038,6.042
-0.830,0.125,0.737,-17.822,-21.179,9.827
-0.799,0.015,0.345,-25.879,-28.809,8.423
-0.791,0.002,0.237,-12.634,-9.338,4.211
-0.797,0.066,0.363,2.625,7.996,1.770
-0.812,0.120,0.539,21.667,22.644,-0.183
-0.839,0.118,0.684,15.564,14.282,0.549
-0.851,0.100,0.588,2.136,1.831,0.305
-0.860,0.111,0.448,-11.719,-5.676,-1.709
-0.870,0.201,0.409,-4.089,3.662,-0.732
-0.867,0.190,0.563,14.709,17.151,5.188
-0.861,0.094,0.743,13.184,9.521,6.042
-0.855,0.069,0.644,-6.470,-15.869,2.991
-0.840,0.112,0.350,-12.573,-18.799,1.465
-0.839,0.131,0.330,-5.859,-3.235,2.747
-0.851,0.108,0.475,0.244,4.272,3.296
-0.852,0.109,0.545,2.563,4.150,2.686
-0.851,0.066,0.509,-0.305,-1.038,2.441
-0.848,0.050,0.428,-2.380,-4.761,1.465
-0.848,0.095,0.397,0.366,0.244,-2.014
-0.850,0.138,0.455,1.892,5.249,-2.441
-0.854,0.177,0.522,-1.587,7.446,0.793
-0.843,0.146,0.597,-5.615,3.967,3.357
-0.825,0.084,0.585,-13.184,-4.883,3.784
-0.808,0.009,0.487,-12.512,-6.287,1.892
-0.813,0.002,0.434,1.099,1.526,-2.747
-0.843,0.132,0.485,7.751,7.568,-4.700
-0.854,0.183,0.553,5.066,9.338,-3.296
-0.847,0.157,0.608,-1.526,5.249,-1.709
-0.839,0.148,0.585,-6.470,-1.770,0.183
-0.834,0.102,0.558,-4.089,-2.502,1.343
-0.840,0.056,0.548,-0.671,-3.845,0.671
-0.849,0.060,0.484,0.854,-4.333,-1.587
-0.849,0.100,0.447,3.235,-2.808,-3.418
-0.850,0.139,0.448,8.484,5.981,-3.601
-0.849,0.176,0.561,8.484,8.240,-2.380
-0.847,0.157,0.599,0.305,0.610,0.427
-0.843,0.078,0.514,-3.967,-5.066,0.427
-0.838,0.074,0.438,-0.305,-3.601,-2.075
-0.829,0.135,0.472,5.798,3.052,-2.808
-0.833,0.157,0.559,7.263,7.935,-0.854
-0.841,0.119,0.592,1.953,2.747,0.305
-0.841,0.114,0.508,-5.432,-5.554,-0.488
-0.839,0.109,0.411,-4.150,-2.747,-0.671
-0.840,0.109,0.453,-0.488,2.686,-0.610
-0.843,0.140,0.591,7.141,8.240,-0.244
-0.837,0.122,0.606,6.775,5.066,0.793
-0.830,0.104,0.567,-3.052,-5.493,0.977
-0.832,0.127,0.458,-6.348,-7.446,0.732
-0.838,0.129,0.433,-5.859,-3.479,2.258
-0.843,0.087,0.445,-4.822,0.061,2.258
-0.836,0.093,0.472,-0.916,5.798,0.793
-0.826,0.115,0.544,2.075,6.897,1.038
-0.827,0.110,0.559,2.258,3.601,1.770
-0.838,0.112,0.517,-0.305,1.465,1.587
-0.835,0.117,0.510,-2.258,1.038,1.343

-2.223,-0.817,0.207,-46.814,7.751,23.987
-2.464,-1.009,0.264,-48.096,28.198,17.090
-2.530,-0.766,0.602,-33.142,30.334,12.024
-2.384,-0.694,0.660,-9.399,5.188,17.273
-1.917,-0.826,0.335,-19.409,-12.146,15.442
-1.595,-0.745,0.046,-55.054,-18.433,-9.338
-0.960,-0.506,-0.473,-58.533,2.258,-22.400
-0.713,-0.477,-0.524,-24.780,83.252,-50.842
-0.327,-0.145,-0.019,-1.221,125.488,-68.054
-0.145,0.157,0.476,18.433,157.227,-87.280
0.062,0.456,1.258,10.925,137.146,-83.618
0.100,0.380,1.342,1.038,100.647,-75.806
0.161,0.298,1.225,15.991,28.137,-77.026
0.275,0.490,0.865,44.006,9.583,-88.257
0.229,0.734,0.769,86.670,-10.193,-95.276
-0.023,0.738,0.645,81.421,-28.992,-84.167
-0.062,0.682,0.393,24.963,-62.683,-64.087
-0.097,0.780,-0.080,-0.610,-58.899,-58.655
-0.178,1.005,-0.216,4.456,0.305,-29.480
-0.331,0.916,0.357,21.118,38.818,3.601
-0.442,0.414,0.824,22.705,58.411,36.987
-0.462,-0.367,1.192,-28.687,19.287,52.917
-0.423,-0.409,1.070,-61.096,-16.724,36.865
-0.436,-0.339,0.812,-76.050,-61.035,9.399
-0.569,-0.330,0.187,-56.091,-58.105,5.310
-0.610,-0.267,0.033,10.925,-8.362,-6.958
-0.662,0.227,0.320,39.246,23.437,-11.292
-0.740,0.222,0.675,27.832,43.823,1.282
-0.847,-0.169,1.022,-0.977,25.635,2.014
-0.842,-0.134,0.915,-25.574,-17.029,-20.569
-0.850,0.310,0.557,-11.658,-21.729,-27.710
-0.878,0.425,0.519,28.259,-5.066,-15.930
-0.930,0.301,0.736,30.029,-0.549,-7.385
-0.934,0.205,0.823,-2.930,-21.118,-3.601
-0.908,0.141,0.596,-17.212,-36.499,-5.615
-0.887,0.164,0.373,-19.592,-43.518,-7.263
-0.892,0.258,0.200,9.033,-18.005,-8.667
-0.904,0.349,0.349,28.442,5.066,-8.606
-0.907,0.423,0.605,41.199,24.292,0.549
-0.896,0.262,0.914,29.724,10.254,8.606
-0.875,0.123,0.807,-3.601,-34.485,12.085
-0.832,0.064,0.415,-13.184,-45.837,8.118
-0.822,0.106,0.263,-7.629,-35.889,2.319
-0.828,0.227,0.135,2.991,-18.799,2.014
-0.837,0.247,0.206,18.127,20.813,5.249
-0.881,0.236,0.533,17.395,32.776,6.836
-0.917,0.169,0.675,10.376,34.912,8.911
-0.919,0.058,0.695,-7.751,16.968,9.399
-0.881,0.076,0.645,-8.118,7.935,6.409
-0.829,0.091,0.609,4.150,2.686,1.343
-0.786,0.124,0.578,9.399,3.540,-1.282
-0.792,0.161,0.573,11.414,3.540,-3.967
-0.822,0.153,0.481,7.874,2.075,-3.052
-0.827,0.177,0.405,5.676,7.568,-3.174
-0.832,0.266,0.450,9.644,15.442,-1.648
-0.825,0.236,0.586,11.658,18.188,6.226
-0.811,0.052,0.743,3.601,6.775,7.935
-0.797,-0.003,0.650,-8.606,-9.521,5.981
-0.790,0.029,0.457,-19.775,-25.635,-2.808
-0.811,0.151,0.182,-10.620,-15.625,-3.235
-0.812,0.157,0.249,17.029,19.775,2.991
-0.792,0.096,0.596,21.851,27.954,5.310
-0.784,0.047,0.705,8.301,14.099,5.188
-0.777,-0.004,0.695,-2.380,0.732,2.563
-0.789,0.041,0.604,-10.010,-14.160,-3.418
-0.835,0.155,0.479,-6.592,-12.756,-3.967
-0.834,0.176,0.477,-0.183,-5.798,-0.610
-0.832,0.118,0.447,-1.221,-3.662,1.587
-0.825,0.094,0.421,-2.808,3.479,2.808
-0.787,0.144,0.506,-1.343,8.972,2.136
-0.793,0.165,0.599,0.488,13.062,1.465
-0.826,0.189,0.679,5.066,10.376,1.282
-0.875,0.250,0.708,5.676,3.601,3.235
-0.869,0.233,0.651,-5.554,-10.620,8.606
-0.828,0.162,0.535,-12.939,-13.733,9.705
-0.809,0.099,0.510,-15.991,-11.597,10.254
-0.789,-0.048,0.481,-10.376,-8.423,8.545
-0.795,-0.062,0.460,8.484,-0.122,0.244
-0.831,0.056,0.441,15.503,4.761,-3.723
-0.851,0.130,0.469,12.146,11.414,-6.348
-0.872,0.206,0.607,2.502,10.559,-5.310
-0.869,0.204,0.670,-6.470,6.226,-3.235
-0.829,0.098,0.649,-11.719,-8.240,2.136
-0.800,0.034,0.561,-10.376,-14.648,3.235
-0.784,0.003,0.445,-3.052,-15.869,-0.610
-0.801,0.066,0.304,2.625,-9.033,-3.174
-0.809,0.111,0.340,6.165,8.301,-3.662
-0.819,0.121,0.509,1.831,12.634,-2.869
-0.811,0.121,0.579,-7.874,9.705,-2.563
-0.801,0.130,0.644,-8.850,5.859,-2.441
-0.800,0.107,0.674,-0.916,-1.343,-1.526
-0.786,0.062,0.672,3.967,-5.859,-1.953
-0.784,0.075,0.614,5.127,-15.137,-4.456
-0.807,0.185,0.443,2.014,-17.090,-4.761
-0.821,0.211,0.413,-3.235,-16.174,-3.357
-0.835,0.161,0.434,-20.874,-11.414,-0.427
-0.840,0.164,0.427,-26.245,-8.118,-1.160
-0.853,0.156,0.439,-8.789,6.897,-0.793
-0.867,0.110,0.629,8.606,14.038,0.061
-0.863,0.109,0.737,22.583,7.874,-1.587
-0.860,0.153,0.691,14.648,-4.150,-3.113
-0.863,0.163,0.561,-7.263,-21.667,-2.808
-0.867,0.142,0.339,-10.681,-20.020,-1.709
-0.868,0.142,0.317,-1.587,-0.977,-1.221
-0.845,0.158,0.472,4.211,8.789,-1.221
-0.834,0.141,0.580,7.507,12.756,-1.282
-0.823,0.123,0.622,5.798,7.507,-2.136
-0.829,0.145,0.570,3.662,1.831,-3.174
-0.844,0.174,0.500,-0.427,-2.869,-2.563
-0.843,0.167,0.501,-2.136,-2.869,-1.160
-0.833,0.156,0.513,-2.319,-2.686,0.793
-0.804,0.135,0.487,-0.854,-2.808,1.465
-0.798,0.108,0.462,0.793,-0.854,1.648
-0.821,0.081,0.428,0.488,0.732,0.366
-0.830,0.095,0.424,0.427,4.944,-2.319
-0.815,0.104,0.507,0.610,7.202,-2.808
-0.818,0.102,0.570,0.732,7.141,-3.357
-0.823,0.111,0.628,0.122,3.845,-3.479
-0.821,0.130,0.596,-0.427,-0.488,-3.662

-1.814,-0.628,0.363,-8.911,8.972,6.775
-1.896,-0.687,0.470,-12.939,7.202,4.028
-1.880,-0.593,0.559,-25.574,-1.831,0.854
-1.811,-0.391,0.597,-54.199,-24.963,0.610
-1.586,-0.116,0.579,-57.556,-38.208,7.385
-1.424,-0.197,0.343,-16.479,-47.729,18.494
-1.088,-0.314,-0.312,23.499,-28.992,12.085
-0.918,-0.190,-0.378,89.111,48.035,-10.498
-0.662,-0.081,0.101,90.759,79.773,-19.653
-0.571,-0.125,0.382,23.132,86.548,-42.725
-0.356,-0.055,0.740,-22.522,67.810,-57.800
-0.232,0.077,0.790,-52.917,44.250,-71.411
-0.074,0.157,0.645,-27.893,11.047,-84.351
-0.052,0.163,0.489,15.137,7.996,-85.510
-0.028,0.173,0.377,71.106,19.348,-82.397
0.010,0.290,0.426,62.988,23.376,-84.167
-0.044,0.533,0.457,12.634,11.230,-91.064
-0.330,0.967,0.108,-1.282,3.601,-80.322
-0.450,0.955,-0.180,12.878,29.602,-30.457
-0.466,0.599,0.029,34.912,67.505,-5.310
-0.447,0.309,0.561,65.247,116.272,24.353
-0.451,-0.245,1.454,55.176,96.924,26.184
-0.433,-0.340,1.489,25.085,50.903,20.020
-0.495,-0.248,0.793,-53.833,-53.772,-1.221
-0.595,-0.189,0.312,-74.707,-80.872,-8.179
-0.790,-0.013,-0.229,-46.692,-55.054,-9.888
-0.777,0.061,-0.036,-9.094,-13.794,-6.042
-0.731,0.022,0.391,37.476,45.593,1.404
-0.744,-0.191,0.930,35.156,43.579,-1.404
-0.785,-0.171,0.925,13.794,11.902,-19.531
-0.899,0.142,0.753,5.920,-0.916,-26.184
-0.929,0.233,0.712,-4.822,-15.442,-23.437
-0.931,0.296,0.636,-8.911,-20.447,-20.081
-0.943,0.332,0.572,-13.184,-26.367,-11.902
-0.971,0.289,0.393,-10.925,-24.963,-6.226
-0.966,0.247,0.335,9.949,-7.202,1.343
-0.931,0.166,0.454,23.499,4.822,3.357
-0.919,0.094,0.579,25.879,8.850,3.357
-0.930,0.069,0.611,14.526,-0.671,-0.244
-0.931,0.163,0.506,1.770,-10.986,-4.150
-0.898,0.247,0.360,-9.521,-13.733,-3.052
-0.871,0.203,0.375,-6.836,-7.019,0.244
-0.851,0.119,0.419,1.709,4.578,5.005
-0.812,-0.052,0.509,2.380,5.249,4.395
-0.803,-0.056,0.502,0.610,-0.793,-2.502
-0.832,0.042,0.342,2.136,-1.648,-5.249
-0.847,0.103,0.284,12.268,12.085,-6.653
-0.865,0.203,0.455,16.052,22.156,-5.249
-0.862,0.178,0.637,5.981,22.400,1.282
-0.861,0.009,0.789,-4.700,10.254,2.502
-0.865,0.005,0.693,-12.634,-13.611,-2.197
-0.863,0.138,0.403,-5.920,-14.404,-3.662
-0.854,0.183,0.346,13.733,4.639,-0.671
-0.846,0.209,0.472,15.991,13.672,1.831
-0.847,0.174,0.578,10.986,16.235,4.211
-0.836,0.081,0.645,-11.047,1.831,6.348
-0.803,-0.057,0.500,-18.127,-7.202,3.662
-0.803,-0.011,0.396,-5.554,-3.479,-2.991
-0.832,0.109,0.450,8.362,6.714,-3.296
-0.844,0.132,0.590,17.639,13.000,-0.732
-0.856,0.095,0.644,8.484,3.540,0.244
-0.845,0.074,0.508,-9.949,-13.550,0.488
-0.816,0.060,0.338,-9.460,-10.193,0.305
-0.804,0.058,0.420,0.305,6.470,-1.038
-0.827,0.061,0.622,2.991,8.667,-1.892
-0.844,0.068,0.620,2.991,5.371,-2.441
-0.854,0.084,0.544,-0.488,-2.930,-2.441
-0.846,0.132,0.416,-0.427,-1.160,-1.709
-0.840,0.135,0.450,5.676,9.583,0.977
-0.839,0.129,0.615,7.080,11.353,2.380
-0.845,0.069,0.659,-2.197,0.977,3.845
-0.853,0.018,0.591,-9.399,-6.531,0.610
-0.860,0.097,0.536,-12.451,-12.451,-4.883
-0.850,0.175,0.487,-10.742,-11.841,-3.418
-0.839,0.142,0.460,-8.301,-8.911,0.732
-0.832,0.073,0.387,-6.165,-5.493,1.465
-0.844,0.074,0.382,4.272,7.446,2.136
-0.854,0.088,0.516,10.376,13.916,2.502
-0.849,0.089,0.629,13.306,14.954,1.343
-0.832,0.070,0.808,4.761,5.432,0.366
-0.836,0.055,0.733,-9.277,-9.644,-0.793
-0.840,0.081,0.577,-25.818,-29.297,-3.601
-0.837,0.161,0.323,-22.827,-26.672,-2.747
-0.828,0.144,0.288,-3.967,-6.775,2.136
-0.824,0.034,0.364,4.944,2.991,3.235
-0.842,0.031,0.421,12.329,12.512,0.488
-0.869,0.141,0.526,11.780,13.428,-0.488
-0.873,0.172,0.588,4.211,8.972,1.160
-0.872,0.099,0.617,-1.709,3.052,2.075
-0.866,0.066,0.546,-8.240,-6.287,0.610
-0.859,0.134,0.416,-4.822,-3.662,0.183
-0.865,0.164,0.464,2.808,3.540,1.526
-0.867,0.158,0.575,11.658,11.658,5.432
-0.866,0.090,0.700,4.944,5.554,5.493
-0.866,0.072,0.622,-11.169,-12.146,2.502
-0.860,0.146,0.431,-11.108,-13.733,2.136
-0.854,0.149,0.405,2.380,-3.296,5.676
-0.837,0.089,0.467,9.216,2.747,6.592
-0.840,0.059,0.516,8.850,4.700,5.310
-0.835,0.036,0.517,1.770,0.854,3.906
-0.829,0.046,0.459,-8.911,-3.540,1.160
-0.826,0.099,0.388,-6.775,0.305,0.916
-0.828,0.083,0.443,-1.404,7.019,1.892
-0.827,0.051,0.544,6.775,14.099,2.747
-0.829,0.034,0.675,6.409,10.193,1.709
-0.834,0.054,0.641,0.671,-3.357,-0.488
-0.831,0.085,0.498,-1.648,-6.592,-1.038
-0.830,0.073,0.458,-2.502,-2.869,-1.282
-0.818,0.042,0.488,-1.099,0.916,-1.831
-0.825,0.050,0.530,3.540,5.005,-2.869
-0.850,0.082,0.577,5.371,3.845,-2.563
-0.851,0.095,0.553,3.296,-1.099,-2.136
-0.828,0.090,0.522,0.916,-1.831,-2.197
-0.823,0.073,0.536,2.808,-0.793,-2.075
-0.837,0.062,0.553,5.493,-0.977,-2.075
-0.844,0.061,0.538,6.470,-2.319,-2.014
-0.848,0.075,0.500,2.747,-6.287,-2.930
-0.848,0.126,0.416,0.671,-6.348,-2.991
-0.850,0.133,0.407,-1.831,-1.099,-1.526

-1.857,-0.690,0.279,-12.817,-1.038,1.831
-2.050,-0.869,0.153,-33.997,0.427,-2.441
-2.152,-1.021,0.289,-36.804,8.850,-7.935
-2.119,-0.978,0.510,-38.879,15.381,-26.550
-1.921,-0.625,0.870,-44.556,4.578,-33.569
-1.756,-0.498,0.885,-58.472,-41.931,-36.926
-1.255,-0.270,0.285,-56.946,-62.561,-39.856
-0.967,-0.038,-0.111,-14.954,-48.767,-44.373
-0.413,0.356,-0.211,9.399,-16.418,-42.908
-0.184,0.443,0.083,13.367,36.377,-49.316
0.130,0.644,0.542,0.671,41.077,-60.242
0.152,0.677,0.599,-9.766,35.278,-72.266
0.063,0.710,0.506,0.000,17.212,-85.937
-0.108,0.913,0.147,22.705,17.395,-80.688
-0.125,0.955,0.049,78.369,47.852,-51.147
-0.211,0.786,0.061,95.337,73.608,-35.645
-0.276,0.636,0.150,105.835,114.075,-5.676
-0.351,0.368,0.763,105.347,123.840,8.545
-0.437,0.375,1.113,71.655,93.750,18.127
-0.589,0.344,1.345,30.029,49.561,19.897
-0.589,0.140,1.113,-76.721,-49.805,21.545
-0.547,-0.119,0.422,-110.229,-72.876,17.212
-0.550,-0.045,0.212,-110.474,-68.481,12.085
-0.573,0.054,0.145,-31.555,-10.437,14.404
-0.623,-0.030,0.398,10.315,18.677,19.775
-0.636,-0.126,0.636,27.344,35.461,15.320
-0.688,-0.073,0.883,9.888,22.217,6.653
-0.727,0.016,0.790,-17.883,-8.362,-4.089
-0.791,0.099,0.592,-17.883,-10.315,-4.883
-0.810,0.163,0.622,2.136,1.709,-4.028
-0.843,0.240,0.770,10.925,2.380,-1.648
-0.866,0.184,0.743,4.456,-15.442,3.479
-0.891,0.074,0.451,-2.075,-21.973,2.197
-0.888,0.141,0.370,-2.930,-19.226,-1.587
-0.823,0.210,0.578,8.667,2.930,-4.456
-0.795,0.181,0.762,12.024,8.240,-4.333
-0.786,0.169,0.871,2.014,-11.169,-6.653
-0.807,0.162,0.670,-6.897,-27.893,-6.470
-0.807,0.129,0.459,-14.038,-40.466,-4.272
-0.777,0.080,0.237,-8.362,-31.982,-3.845
-0.761,0.087,0.266,11.047,-4.944,-5.127
-0.767,0.196,0.475,16.296,2.991,-6.165
-0.798,0.209,0.530,12.390,0.305,-3.235
-0.844,0.114,0.440,7.751,-3.296,-2.380
-0.833,0.110,0.383,1.709,2.991,-5.981
-0.808,0.142,0.505,2.014,11.353,-7.507
-0.810,0.172,0.656,3.845,16.357,-8.362
-0.826,0.206,0.741,1.770,4.517,-7.690
-0.878,0.243,0.619,-2.441,-5.920,-6.409
-0.883,0.245,0.521,-5.981,-13.855,-2.869
-0.844,0.183,0.456,-4.822,-11.658,-0.977
-0.822,0.131,0.463,-2.380,-5.737,0.488
-0.823,0.137,0.418,-0.366,-2.014,-0.305
-0.847,0.186,0.430,7.385,10.986,-2.625
-0.888,0.290,0.626,10.559,15.259,-2.625
-0.885,0.257,0.701,7.812,6.714,0.366
-0.841,0.159,0.602,3.174,-2.502,-0.244
-0.825,0.176,0.474,0.610,-9.094,-1.038
-0.814,0.160,0.399,3.845,-4.395,0.549
-0.821,0.152,0.433,6.042,0.916,1.282
-0.833,0.170,0.466,1.465,4.639,0.977
-0.845,0.203,0.486,-2.686,3.906,1.709
-0.837,0.202,0.494,-6.958,3.723,3.662
-0.826,0.171,0.574,-5.615,4.272,4.395
-0.824,0.132,0.609,0.305,0.366,4.883
-0.825,0.122,0.547,1.770,-3.723,4.028
-0.823,0.147,0.490,-0.488,-7.324,3.235
-0.804,0.156,0.478,-4.517,-6.226,3.235
-0.804,0.145,0.506,-8.667,-4.883,3.052
-0.820,0.121,0.523,-9.766,-4.150,1.953
-0.830,0.125,0.496,-6.592,-3.906,1.099
-0.839,0.149,0.456,4.089,1.221,0.183
-0.834,0.198,0.465,9.277,6.409,0.732
-0.816,0.170,0.547,6.958,11.169,2.258
-0.804,0.112,0.693,0.061,6.714,1.465
-0.809,0.110,0.677,-7.751,-8.667,-0.366
-0.819,0.141,0.503,-5.615,-12.695,-0.732
-0.819,0.167,0.445,3.540,-8.789,-0.366
-0.821,0.143,0.422,6.165,-4.944,0.122
-0.826,0.128,0.410,3.235,2.197,-2.136
-0.846,0.182,0.461,0.488,6.592,-3.479
-0.851,0.227,0.560,-1.099,10.315,-3.235
-0.854,0.230,0.676,-2.441,5.920,1.160
-0.829,0.129,0.715,-4.761,-3.479,1.526
-0.819,0.106,0.587,-9.338,-19.836,-1.831
-0.833,0.130,0.290,-6.958,-18.677,-3.174
-0.837,0.184,0.233,5.981,3.479,-3.235
-0.843,0.250,0.481,10.193,15.442,-0.427
-0.839,0.182,0.675,2.502,14.038,3.357
-0.820,0.120,0.731,-5.737,1.587,1.770
-0.822,0.123,0.576,-11.230,-15.381,-0.488
-0.833,0.172,0.348,-5.249,-11.780,-0.610
-0.840,0.197,0.386,3.052,-2.930,-0.244
-0.837,0.200,0.581,8.606,8.179,0.366
-0.823,0.169,0.611,2.808,5.127,0.366
-0.812,0.143,0.563,-9.216,-5.005,-0.305
-0.818,0.156,0.450,-7.874,-4.150,-0.305
-0.831,0.155,0.508,3.357,4.822,0.854
-0.845,0.140,0.669,5.249,3.967,0.793
-0.843,0.158,0.641,-0.244,-6.714,-0.854
-0.830,0.196,0.472,-2.136,-9.094,-0.732
-0.821,0.175,0.434,-0.977,-3.723,0.427
-0.818,0.133,0.448,0.061,-0.061,0.244
-0.819,0.133,0.472,1.465,2.808,-0.183
-0.830,0.182,0.569,5.127,5.066,-0.854
-0.836,0.199,0.594,4.761,2.808,-0.488
-0.844,0.190,0.568,-3.113,-5.859,-0.122
-0.850,0.170,0.428,-6.409,-7.629,-0.061
-0.847,0.157,0.393,-2.136,-0.427,1.343
-0.818,0.133,0.477,2.808,4.883,1.709
-0.814,0.139,0.545,4.700,6.042,1.221
-0.834,0.178,0.573,0.732,1.892,0.732
-0.847,0.194,0.533,-7.141,-5.249,0.488
-0.844,0.175,0.443,-7.629,-5.249,0.671
-0.834,0.163,0.430,-2.502,0.793,1.587
-0.816,0.123,0.469,1.221,4.578,1.892
-0.818,0.139,0.510,4.395,7.507,1.343
-0.832,0.176,0.560,6.653,9.094,0.366
-0.854,0.189,0.645,5.676,6.592,0.916

-2.109,-0.569,0.342,-31.738,12.390,9.766
-2.312,-0.576,0.506,-22.034,28.687,5.920
-2.240,-0.391,0.932,-16.052,21.851,7.996
-2.012,-0.378,0.896,-31.067,-26.733,13.184
-1.535,-0.412,0.175,-47.058,-45.776,9.583
-1.333,-0.409,-0.214,-55.603,-23.437,-8.423
-0.971,-0.103,-0.471,-46.570,15.137,-20.264
-0.847,0.215,-0.254,-18.921,101.746,-27.649
-0.559,0.552,0.558,1.038,125.427,-15.442
-0.411,0.306,0.872,21.667,127.747,-0.977
-0.271,0.071,1.049,34.363,80.139,-13.245
-0.044,0.233,0.917,26.855,43.945,-34.668
0.001,0.361,0.662,14.648,-7.385,-60.913
0.011,0.262,0.215,15.442,-13.550,-64.636
0.028,0.182,0.085,25.635,1.160,-67.993
0.010,0.376,-0.136,37.781,19.470,-71.777
-0.059,0.655,-0.105,70.862,70.679,-66.650
-0.290,0.663,0.323,73.181,86.853,-46.509
-0.345,0.332,0.591,23.437,75.073,-7.446
-0.297,-0.124,0.863,-12.939,53.894,-4.395
-0.256,-0.205,0.875,-43.823,31.250,-7.568
-0.251,-0.311,0.847,-76.294,-6.104,-14.648
-0.344,-0.412,0.674,-78.369,-18.311,-20.752
-0.437,-0.280,0.532,-51.697,-17.639,-31.006
-0.648,0.049,0.389,-24.658,-2.319,-28.564
-0.689,0.118,0.531,22.400,29.846,-12.512
-0.685,0.054,0.850,26.917,28.564,-7.812
-0.721,0.054,0.806,-1.404,3.662,-14.160
-0.805,0.248,0.657,-18.799,-1.587,-17.151
-0.828,0.351,0.719,-27.649,4.761,-9.644
-0.866,0.283,0.976,-21.545,3.845,-3.113
-0.894,0.189,1.016,-15.808,-19.165,-0.244
-0.950,0.184,0.770,-9.888,-33.020,-1.892
-0.936,0.253,0.597,27.100,-34.180,-1.648
-0.913,0.399,0.478,45.105,-22.766,0.977
-0.904,0.440,0.551,50.598,-11.169,5.188
-0.844,0.401,0.810,14.771,-8.362,14.771
-0.822,0.284,0.842,-15.625,-20.508,19.226
-0.807,0.117,0.780,-53.162,-51.086,20.081
-0.804,-0.075,0.459,-50.781,-58.594,13.306
-0.802,0.025,0.272,-7.935,-43.579,-0.122
-0.796,0.228,0.134,19.165,-23.315,0.610
-0.788,0.234,0.235,41.077,15.198,9.155
-0.790,0.159,0.623,29.968,21.545,10.864
-0.805,0.134,0.748,-14.221,1.770,7.202
-0.834,0.084,0.651,-28.809,-12.512,4.395
-0.831,0.078,0.545,-18.738,-19.348,0.122
-0.816,0.101,0.426,-0.854,-12.024,0.000
-0.803,0.148,0.433,17.456,-2.014,0.549
-0.781,0.238,0.516,32.288,12.634,2.258
-0.782,0.215,0.579,24.048,14.038,4.211
-0.788,0.150,0.638,-10.010,3.540,5.798
-0.821,0.062,0.562,-22.339,-3.967,4.333
-0.816,0.076,0.503,-12.024,-2.136,1.343
-0.780,0.097,0.584,5.005,5.737,0.671
-0.776,0.113,0.670,28.503,12.207,0.000
-0.809,0.116,0.727,25.330,5.920,0.488
-0.827,0.089,0.663,-3.174,-15.930,-0.488
-0.839,0.120,0.398,-14.893,-20.996,-2.380
-0.835,0.166,0.340,-17.273,-16.907,-3.418
-0.812,0.189,0.541,0.549,5.737,-0.793
-0.810,0.169,0.698,9.033,11.475,1.526
-0.817,0.129,0.780,5.310,-3.235,4.272
-0.839,0.082,0.593,-1.160,-15.686,3.540
-0.836,0.093,0.448,-3.113,-20.935,0.854
-0.823,0.119,0.392,-0.854,-13.977,-0.305
-0.821,0.118,0.455,-0.610,-3.296,-2.991
-0.822,0.138,0.515,-2.075,-3.723,-3.967
-0.819,0.147,0.473,-5.005,-6.714,-3.906
-0.833,0.200,0.386,-4.211,-3.357,-3.540
-0.845,0.206,0.440,2.441,9.766,-0.183
-0.845,0.126,0.651,4.150,11.536,1.221
-0.844,0.078,0.694,2.869,7.324,1.526
-0.839,0.037,0.666,-2.991,-9.094,-1.526
-0.835,0.129,0.449,-3.174,-13.428,-4.456
-0.838,0.214,0.370,1.709,-3.967,-4.517
-0.836,0.245,0.446,1.526,4.456,-2.014
-0.841,0.213,0.540,-7.080,10.071,1.099
-0.855,0.125,0.609,-10.925,6.653,1.770
-0.855,0.090,0.593,-4.333,1.099,1.160
-0.841,0.108,0.627,4.944,1.099,0.427
-0.829,0.128,0.659,12.756,-2.686,-0.732
-0.827,0.160,0.631,7.690,-8.362,-1.282
-0.830,0.157,0.535,-8.545,-19.165,-0.061
-0.825,0.136,0.308,-11.902,-17.761,0.793
-0.816,0.124,0.286,-9.827,-10.376,1.099
-0.812,0.116,0.462,3.052,10.132,-0.122
-0.815,0.114,0.604,8.911,15.259,-0.610
-0.820,0.099,0.708,6.836,5.432,-1.038
-0.832,0.094,0.620,1.160,-4.761,-2.319
-0.838,0.136,0.493,-4.272,-11.597,-3.906
-0.830,0.179,0.416,-3.357,-6.409,-2.869
-0.831,0.183,0.471,-1.892,2.991,-0.916
-0.835,0.175,0.550,-2.197,2.686,0.305
-0.829,0.146,0.533,-2.014,-2.319,2.197
-0.828,0.128,0.465,-0.732,-2.808,2.075
-0.841,0.117,0.463,2.380,1.404,2.441
-0.848,0.101,0.524,3.662,2.747,2.258
-0.839,0.122,0.535,4.272,2.136,1.526
-0.828,0.143,0.533,-0.122,-0.244,0.244
-0.841,0.147,0.547,-3.235,-0.366,-0.366
-0.853,0.147,0.568,-3.906,-0.854,-0.549
-0.840,0.144,0.573,-1.648,-2.563,0.061
-0.826,0.148,0.522,1.343,-5.798,0.671
-0.817,0.155,0.429,0.366,-4.578,1.038
-0.822,0.138,0.431,-1.648,2.563,2.258
-0.833,0.119,0.502,-0.061,6.165,2.136
-0.834,0.136,0.559,2.808,7.874,0.793
-0.837,0.150,0.634,2.075,4.395,0.854
-0.837,0.133,0.622,-0.122,-0.977,1.160
-0.829,0.104,0.513,-5.310,-9.583,1.221
-0.824,0.104,0.479,-5.615,-9.460,0.916
-0.818,0.111,0.474,-2.869,-3.540,0.183
-0.818,0.130,0.478,-1.160,-0.610,0.183
-0.818,0.130,0.495,2.014,4.517,0.183
-0.820,0.109,0.578,2.747,5.554,-0.183
-0.822,0.095,0.614,3.174,1.770,-1.526
-0.830,0.112,0.593,3.113,-1.892,-2.136
-0.834,0.135,0.549,3.052,-6.287,-2.258

